estimation_window_months,Formation Date,Next Formation Date,Estimation Observations,Realized Observations,Optimization Status,Estimated SSD Feasible,Number of Cuts,Cutting-Plane Iterations,Estimated Minimum Slack,Estimated Mean Return,Estimated Benchmark Mean,Realized SSD Satisfied,Realized Minimum Slack,Realized Maximum Violation,Realized Tightest k,Realized Portfolio Mean,Realized Benchmark Mean
9,2010-05-03,2010-06-01,188,20,optimal,True,9,9,6.461985946337734e-09,0.0015309947801704265,0.0011027206520424463,True,0.0093727092267487,0.0,1.0,-0.001215809850087896,-0.003938363772959042
9,2010-06-01,2010-07-01,187,22,optimal,True,5,5,-1.3079662908310752e-09,0.0014329655141474178,0.00048753570143993233,True,0.019613898738723254,0.0,1.0,-0.0001554378377902859,-0.00228834649804001
9,2010-07-01,2010-08-02,188,21,optimal,True,3,3,1.7568453150595964e-09,0.0011286677573845321,2.6824007373946366e-05,False,-0.10471312004491735,0.10471312004491735,21.0,-0.0017620501630864122,0.0032242888866715574
9,2010-08-02,2010-09-01,187,22,optimal,True,3,3,2.421169265076628e-09,0.0012896286966181064,0.0004827622672201601,True,0.01489161734122073,0.0,1.0,0.0008844856398237482,-0.002031195571024022
9,2010-09-01,2010-10-01,189,21,optimal,True,2,2,6.157246978943931e-08,0.001148778293867393,-8.020163717544342e-05,False,-0.058001765238871676,0.058001765238871676,21.0,0.0013766554449664297,0.004138644265865082
9,2010-10-01,2010-11-01,188,21,optimal,True,3,3,2.0369153919119753e-08,0.0010987946801322775,0.0002785649133888463,False,-0.019728006100261243,0.019728006100261243,16.0,0.0011276747247838447,0.0018070192985125372
9,2010-11-01,2010-12-01,190,21,optimal,True,4,4,6.330378582442009e-10,0.0014749533943223564,0.0006647432602986316,False,-0.030400065103850613,0.030400065103850613,3.0,-4.38845790968591e-05,4.194815998126433e-05
9,2010-12-01,2011-01-03,192,22,optimal,True,3,3,3.387914671026948e-08,0.0012120341562127787,0.0004965584747652491,False,-0.03841186655776487,0.03841186655776487,8.0,0.0016738951647294227,0.002959657849793644
9,2011-01-03,2011-02-01,190,20,optimal,True,2,2,6.479088016098089e-09,0.001255602212057308,0.0004957448325437179,False,-0.09479275824531784,0.09479275824531784,19.0,-0.003184819139613323,0.001172044738299688
9,2011-02-01,2011-03-01,190,19,optimal,True,3,3,3.548719207380202e-09,0.0008604530153757564,0.0005695056806026508,False,-0.007651845341219848,0.007651845341219848,13.0,0.002116084600469942,0.0018245429970625837
9,2011-03-01,2011-04-01,189,23,optimal,True,5,5,8.419763219968956e-10,0.0015152466520169513,0.0011726966757559449,False,-0.011397317634540122,0.011397317634540122,1.0,0.0009179670395301059,5.589217967855889e-05
9,2011-04-01,2011-05-02,190,20,optimal,True,6,6,2.0201279538056838e-10,0.001675145548440384,0.0014382569200387402,False,-0.007494252617294549,0.007494252617294549,3.0,0.0016668059117907648,0.0014432273272083295
9,2011-05-02,2011-06-01,189,21,optimal,True,5,5,9.106490561627822e-11,0.001544035075739149,0.00124033489275886,False,-0.028376577841465092,0.028376577841465092,12.0,-0.0009405915464562162,-0.0005150871885669861
9,2011-06-01,2011-07-01,188,22,optimal,True,10,10,5.385509330158023e-10,0.001558837966818893,0.001427089182627906,False,-0.008196711937962217,0.008196711937962217,21.0,-0.0009839235668159902,-0.0007211833720663211
9,2011-07-01,2011-08-01,189,20,optimal,True,9,9,9.087495644877208e-09,0.0009225401300086121,0.0008757418125154525,True,0.0028331883343329575,0.0,1.0,0.001073869640423034,-0.0009637835223739899
9,2011-08-01,2011-09-01,188,23,optimal,True,8,8,-6.330852508895646e-11,0.0009031884294541532,0.0005760219513254119,True,0.037990114840977515,0.0,1.0,0.0017707235256371138,-0.002050605575650293
9,2011-09-01,2011-10-03,190,21,optimal,True,1,1,0.027635206341164016,0.0014888263532516143,0.00031709098552428497,False,-0.05257206095216421,0.05257206095216421,14.0,-0.005356086261878853,-0.003260556775519465
9,2011-10-03,2011-11-01,189,21,optimal,True,1,1,0.014673767190746485,0.0015457432918616824,-0.0003880258081045227,False,-0.14784987072151656,0.14784987072151656,20.0,-0.0017078868599400188,0.005103033720032412
9,2011-11-01,2011-12-01,190,21,optimal,True,1,1,0.014673775784246869,0.0015093541062333182,5.4662819068063725e-05,True,0.021293705217661545,0.0,1.0,0.0010217501201724012,-1.6714796181800068e-05
9,2011-12-01,2012-01-03,192,21,optimal,True,1,1,0.014673916254053974,0.001517330419722962,-0.00012828850021393118,False,-0.010187188367913533,0.010187188367913533,4.0,0.0016872033579993456,0.0005619974310196266
9,2012-01-03,2012-02-01,189,20,optimal,True,1,1,0.014673842732440823,0.001697515561053759,-9.702976707022988e-05,False,-0.06375291099656821,0.06375291099656821,12.0,-0.00012267705285125768,0.002283442469827618
9,2012-02-01,2012-03-01,190,20,optimal,True,1,1,0.014673853034348407,0.0015769662282165454,1.4154403842717302e-05,False,-0.075799109620053,0.075799109620053,14.0,-0.001275089124102321,0.0021398469950548228
9,2012-03-01,2012-04-02,189,22,optimal,True,1,1,0.014673800067030673,0.0012701372355578776,0.00029790004016465316,False,-0.07435138570730027,0.07435138570730027,22.0,-0.0019150298948407592,0.0014645785464001617
9,2012-04-02,2012-05-01,188,20,optimal,True,1,1,0.01467378773782542,0.0011814865459877457,0.00047666830648771094,False,-0.0006356384723742586,0.0006356384723742586,2.0,0.002406460197353465,-0.000295717403531337
9,2012-05-01,2012-06-01,189,22,optimal,True,1,1,0.01467382852186519,0.0011874698548863516,0.0006230221808160589,True,0.0050233832485753315,0.0,1.0,0.003967551584422221,-0.002779423841225764
9,2012-06-01,2012-07-02,188,21,optimal,True,1,1,0.0030122010186592607,0.0011378651154871238,0.000551956361208644,False,-0.05729944043555417,0.05729944043555417,21.0,-0.0007517260867786704,0.0019768186958667657
9,2012-07-02,2012-08-01,188,21,optimal,True,3,3,-2.6761885763004756e-10,0.0013566459133466829,0.0011369823447145528,True,0.001213315119820639,0.0,1.0,0.001132717552255615,0.0005974389976522364
9,2012-08-01,2012-09-04,188,23,optimal,True,5,5,5.470368463766917e-10,0.0009271340919610097,0.0006336978278529374,False,-0.026688984776019924,0.026688984776019924,23.0,-6.895928395893117e-05,0.0010914313584767172
9,2012-09-04,2012-10-01,188,19,optimal,True,4,4,1.0930380489604374e-09,0.0011112507163675745,0.000774625226899854,False,-0.04184020060316944,0.04184020060316944,19.0,-0.0008583287246634706,0.0013437870965559734
9,2012-10-01,2012-11-01,188,21,optimal,True,4,4,1.1216969686422829e-08,0.0010767509433732803,0.0008421230445972652,False,-0.031330045041648,0.031330045041648,20.0,-0.0022883905740633185,-0.0008524551248371466
9,2012-11-01,2012-12-03,189,21,infeasible,False,1,1,,,0.000501316007228325,,,,,,0.0003128887109188191
9,2012-12-03,2013-01-02,188,20,optimal,True,4,4,1.6364034155502694e-09,0.00045623290678424225,0.0002999489401023573,False,-0.029557898365817813,0.029557898365817813,20.0,-0.0010078538678571676,0.00047004105043372266
9,2013-01-02,2013-02-01,188,21,optimal,True,4,4,2.788597269764992e-10,0.0005479117751072456,0.0001899071350118248,False,-0.07960637091977121,0.07960637091977121,21.0,-0.0013919614993894208,0.0023988180682187332
9,2013-02-01,2013-03-01,189,19,optimal,True,4,4,3.03795799627693e-09,0.0006313271705054587,0.0004867305232034032,False,-0.01858896190566041,0.01858896190566041,19.0,-0.0002771094982931715,0.0007012569177942188
9,2013-03-01,2013-04-01,186,20,optimal,True,6,6,9.253651733764912e-10,0.0011034561320911872,0.0008949638431747321,False,-0.026656292435244224,0.026656292435244224,20.0,0.0005432457427337522,0.0018760603644959629
9,2013-04-01,2013-05-01,185,22,optimal,True,4,4,4.09621947472516e-10,0.0009015558614110105,0.0008782231865254992,False,-0.018447255901955478,0.018447255901955478,13.0,0.0004474247757597895,0.0009034216335468162
9,2013-05-01,2013-06-03,186,22,optimal,True,4,4,-2.804163568015383e-10,0.0010787384394461718,0.0009129050886803781,False,-0.06377426511715849,0.06377426511715849,22.0,-0.0018164758930754648,0.00108235433952265
9,2013-06-03,2013-07-01,185,20,infeasible,False,3,3,,,0.0009108606525355899,,,,,,-0.0006145281688274939
9,2013-07-01,2013-08-01,186,22,infeasible,False,4,4,,,0.0007026166801503804,,,,,,0.00230224305919727
9,2013-08-01,2013-09-03,187,22,infeasible,False,3,3,,,0.001065441750972678,,,,,,-0.0013626858824703492
9,2013-09-03,2013-10-01,188,20,infeasible,False,2,2,,,0.0008653609313204676,,,,,,0.0015726893853157287
9,2013-10-01,2013-11-01,188,23,optimal,True,5,5,5.816817583159661e-10,0.0010084437695078538,0.0009826639456696172,False,-0.011249406650992347,0.011249406650992347,16.0,0.0016655924064077406,0.0019990074775686918
9,2013-11-01,2013-12-02,190,20,optimal,True,4,4,-2.2088414430854186e-10,0.0010914744396354312,0.0009491727070388133,False,-0.00938399933721214,0.00938399933721214,2.0,0.001562599298605773,0.0014761464060700392
9,2013-12-02,2014-01-02,190,21,optimal,True,3,3,-8.576239718394163e-11,0.0011597268219108632,0.001017073084428761,False,-0.0008185325793784171,0.0008185325793784171,21.0,0.0011984573772875653,0.0012374351191627283
9,2014-01-02,2014-02-03,191,21,optimal,True,3,3,-4.692607691314521e-10,0.001194183824212674,0.0009893394863401933,True,0.003767007033417917,0.0,1.0,-0.0007057279806128962,-0.0016771713400557861
9,2014-02-03,2014-03-03,189,19,optimal,True,3,3,5.6070773024607945e-11,0.0009285920393696888,0.0006846085420348484,False,-0.0012174316639814303,0.0012174316639814303,18.0,0.0024490307700574467,0.0023746225461099835
9,2014-03-03,2014-04-01,188,21,optimal,True,3,3,2.867837078923685e-10,0.0010999407457026199,0.0008043454790456017,False,-0.03209948905551309,0.03209948905551309,21.0,-0.0011159022299680533,0.00041264486791352316
9,2014-04-01,2014-05-01,189,21,optimal,True,5,5,3.1600555505661987e-10,0.0010447805633654079,0.0009109685484831058,False,-0.029690043457863746,0.029690043457863746,12.0,4.651363391456817e-05,0.0003620663566586228
9,2014-05-01,2014-06-02,188,21,optimal,True,6,6,4.5336788490057955e-09,0.0007604889019251644,0.0006868462864404155,True,0.0010937584814185572,0.0,1.0,0.0016426327243867713,0.0011052766170140526
9,2014-06-02,2014-07-01,187,21,optimal,True,5,5,2.786826658329744e-09,0.0010206940428194064,0.0009749572204408605,True,0.0008828904741506102,0.0,13.0,0.001102905414586009,0.0009795803297744416
9,2014-07-01,2014-08-01,188,22,optimal,True,5,5,1.681937922271004e-09,0.0009242337838854971,0.0009118851034116468,True,0.002846346622075467,0.0,1.0,0.0004642358099922184,-0.0005944721810508889
9,2014-08-01,2014-09-02,187,21,optimal,True,3,3,1.1704956448532755e-11,0.00075680876297092,0.0006009563608245462,True,0.004329740782285404,0.0,1.0,0.002313483626991448,0.001856066881722219
9,2014-09-02,2014-10-01,188,21,optimal,True,2,2,-1.1385391934792821e-10,0.0010533518832030726,0.0006480495524944466,False,-0.055712057084177494,0.055712057084177494,18.0,-0.0028581969154522547,-0.0006449115139960224
9,2014-10-01,2014-11-03,188,23,optimal,True,3,3,1.0301542008317455e-08,0.0008291274436977487,0.0004377874285777776,True,0.0036731423204900034,0.0,23.0,0.001234171594810613,0.001074469754789309
9,2014-11-03,2014-12-01,190,19,optimal,True,2,2,2.0536699216200383e-09,0.000981818428072996,0.0007486181003891991,False,-0.01750941484030151,0.01750941484030151,8.0,0.0014726588126833767,0.0014308612866407926
9,2014-12-01,2015-01-02,190,22,optimal,True,4,4,4.802826119448822e-09,0.0008813166777538387,0.00065424197444228,False,-0.0034871846505033256,0.0034871846505033256,22.0,-0.00022900244108748686,-7.049404788279039e-05
9,2015-01-02,2015-02-02,190,20,optimal,True,3,3,1.0130472011260494e-07,0.0009508930608816611,0.0005655750098029579,True,0.004969965443512846,0.0,1.0,0.00473496055408148,-0.0014493283185591898
9,2015-02-02,2015-03-02,189,19,optimal,True,2,2,3.9506527563237803e-10,0.0012454268386719721,0.0004094899811658864,False,-0.11742371617421142,0.11742371617421142,19.0,-0.003281537316740956,0.0028986582713754353
9,2015-03-02,2015-04-01,188,22,optimal,True,5,5,1.412692633012691e-09,0.0009564930469271245,0.0005817196925651654,False,-0.003462742264814033,0.003462742264814033,1.0,-0.0006908760520942616,-0.0006814353323942262
9,2015-04-01,2015-05-01,189,21,optimal,True,4,4,1.5999042368708416e-12,0.0008520434756098413,0.0003904790368482267,False,-0.03628484934998261,0.03628484934998261,16.0,-0.001086665355401945,0.00047982607578318196
9,2015-05-01,2015-06-01,188,20,optimal,True,5,5,8.345013569055482e-10,0.0007286080698398375,0.000515719540100432,False,-0.00906310529607101,0.00906310529607101,13.0,0.0005533278018345203,0.0006605493717652567
9,2015-06-01,2015-07-01,187,22,optimal,True,5,5,4.186289787044828e-10,0.0005325792206608448,0.00038068907196802006,False,-0.008479800503442922,0.008479800503442922,22.0,-0.0012942764359772446,-0.0009088309585480206
9,2015-07-01,2015-08-03,188,22,optimal,True,5,5,1.4407822157558314e-11,0.0006540763105920252,0.0003443495593823392,False,-0.01784679826428462,0.01784679826428462,22.0,0.00023037264830990764,0.0010415907512319365
9,2015-08-03,2015-09-01,187,21,optimal,True,4,4,1.9653302596456257e-10,0.000537890069061576,0.00033657705524507096,True,0.007542227225805262,0.0,21.0,-0.0024951904294929633,-0.002854344106912263
9,2015-09-01,2015-10-01,189,21,optimal,True,3,3,1.1374730024549251e-07,0.00010275526833635674,-0.00012797715005557835,True,0.014581547259901661,0.0,1.0,0.0009023349408434924,-0.0011340514364232795
9,2015-10-01,2015-11-02,188,22,optimal,True,1,1,0.03092222521126408,0.00017011953513010236,-0.0002470845344253819,False,-0.08870070151241498,0.08870070151241498,22.0,-0.00028440842058506704,0.003747441648161068
9,2015-11-02,2015-12-01,190,20,optimal,True,3,3,2.6596830293712515e-10,0.0006032285805996195,0.00034199152715134475,False,-0.0027409031886429513,0.0027409031886429513,1.0,0.00026928766186301464,0.00021002106378395502
9,2015-12-01,2016-01-04,191,22,optimal,True,4,4,7.766502996275904e-10,0.0003227743933712929,7.38445250172845e-05,False,-0.0009075522264202912,0.0009075522264202912,7.0,-0.000596121312357115,-0.0007293460005484294
9,2016-01-04,2016-02-01,189,19,optimal,True,3,3,1.4121395053301455e-08,0.00038157074985136245,6.872501237368578e-05,False,-0.024820118866041768,0.024820118866041768,5.0,-0.002967634395448225,-0.0025757326084041984
9,2016-02-01,2016-03-01,189,20,optimal,True,1,1,0.014923443493029237,0.0002034153656148242,-0.00024320104535564935,True,0.0024480799060190538,0.0,1.0,0.0015634872061642113,2.5510377924714555e-05
9,2016-03-01,2016-04-01,189,22,optimal,True,1,1,0.014923437279335462,0.000488760086566491,-0.000310400938883749,False,-0.06607378179846043,0.06607378179846043,22.0,-1.5998489600305158e-05,0.0029873552285115327
9,2016-04-01,2016-05-02,189,21,optimal,True,4,4,2.454049324862595e-09,0.0008454059818317554,0.00014312337918667516,False,-0.02588911732403066,0.02588911732403066,21.0,-0.0010256938403551453,0.00020712127031298158
9,2016-05-02,2016-06-01,188,21,optimal,True,1,1,0.011775617942363942,0.000926057960229444,4.5132280934849e-05,False,-0.0799639597062112,0.0799639597062112,21.0,-0.0029813273113026987,0.0008264802937549778
9,2016-06-01,2016-07-01,188,22,optimal,True,4,4,2.3107634139485356e-09,0.0008644024257274893,0.0004562881980306578,True,0.028239505954142582,0.0,1.0,0.0030733357368189352,0.00022363183722371146
9,2016-07-01,2016-08-01,189,20,optimal,True,4,4,1.5015588439304395e-08,0.0010751929889829446,0.00060591090906653,False,-0.019677007219688625,0.019677007219688625,9.0,0.0020445117011917034,0.0018031538903112599
9,2016-08-01,2016-09-01,187,23,optimal,True,4,4,1.496915791321385e-08,0.001013671608867265,0.0003643664350815823,False,-0.0446363350694224,0.0446363350694224,16.0,-0.0016321830068350388,5.7739761248396334e-05
9,2016-09-01,2016-10-03,190,21,optimal,True,3,3,8.090887959610882e-10,0.001100966143744218,0.0003434953504909995,False,-0.0005981141955452018,0.0005981141955452018,18.0,0.0002563956393734762,4.10178792989303e-05
9,2016-10-03,2016-11-01,189,21,optimal,True,2,2,1.550686234974563e-08,0.001165657520406436,0.000434767746405465,False,-0.030677142443265484,0.030677142443265484,5.0,-0.0012932715599431733,-0.0008238740104406849
9,2016-11-01,2016-12-01,191,21,optimal,True,5,5,4.206444637055995e-09,0.0009128606069762085,0.0005958569079112998,False,-0.09026876784197285,0.09026876784197285,21.0,-0.0025535390649903695,0.0017449736893892906
9,2016-12-01,2017-01-03,192,21,optimal,True,5,5,3.2853256781706364e-09,0.000975315756362674,0.0007809526527590578,False,-0.0018922212578542565,0.0018922212578542565,1.0,0.001158080737303047,0.0009682231377090513
9,2017-01-03,2017-02-01,190,20,optimal,True,5,5,1.5154288934837723e-10,0.0009011812409955696,0.0005144302110149286,False,-0.01606691835733872,0.01606691835733872,19.0,0.000166239988299722,0.0008954876972120218
9,2017-02-01,2017-03-01,190,19,optimal,True,9,9,2.749098559906571e-09,0.0007983891712102819,0.0006216525655897014,False,-0.00996975242124647,0.00996975242124647,19.0,0.0015096265167891538,0.0020343503284337046
9,2017-03-01,2017-04-03,188,23,optimal,True,8,8,7.295154591524522e-09,0.000800520690616048,0.0007415455187948358,False,-0.004300050051271695,0.004300050051271695,6.0,0.00033518470217500313,6.759111728084416e-05
9,2017-04-03,2017-05-01,188,19,optimal,True,4,4,2.8909019622602727e-10,0.0008620736509832818,0.0007124722092943094,True,0.0030615141095733794,0.0,1.0,0.0010561059152279122,0.0005306633019858062
9,2017-05-01,2017-06-01,188,22,optimal,True,5,5,6.015391240676848e-10,0.0007453654240931244,0.000585450945444,False,-0.0008714187853692754,0.0008714187853692754,3.0,0.0012796889464654225,0.0006484536824889829
9,2017-06-01,2017-07-03,187,22,optimal,True,6,6,-1.2971262952632401e-11,0.0008265904139067921,0.0006577686858262916,False,-0.03126084778734452,0.03126084778734452,11.0,-0.0005901461620548223,0.00029936687300259233
9,2017-07-03,2017-08-01,188,20,infeasible,False,2,2,,,0.0006847204254802979,,,,,,0.0010236835959017976
9,2017-08-01,2017-09-01,187,23,infeasible,False,2,2,,,0.0008903875193988574,,,,,,0.00014333835658924374
9,2017-09-01,2017-10-02,189,20,optimal,True,8,8,1.8300273796345579e-09,0.0010351575254479136,0.0007045227558304966,False,-0.019101433199426785,0.019101433199426785,20.0,4.8375574040716894e-05,0.001003447234012056
9,2017-10-02,2017-11-01,188,22,optimal,True,8,8,-2.3794707870727905e-10,0.000991178278284345,0.0007068673385123133,False,-0.009348733605894399,0.009348733605894399,15.0,0.001037644885207774,0.0010639771780621093
9,2017-11-01,2017-12-01,190,21,optimal,True,7,7,7.753228614681973e-11,0.0008949601538019576,0.0007283621242812677,False,-0.019754137933835004,0.019754137933835004,21.0,0.0005019732388912639,0.0014426464738357878
9,2017-12-01,2018-01-02,192,20,optimal,True,7,7,3.6808384396014304e-09,0.0008018684123922676,0.000677248558977875,False,-0.002679439976922047,0.002679439976922047,2.0,0.0006288112473838163,0.0006086438099613733
9,2018-01-02,2018-02-01,189,21,optimal,True,11,11,-2.2100979379935382e-10,0.0007560721444301372,0.000744179914420741,False,-0.012435172182122561,0.012435172182122561,21.0,0.0020362813184298103,0.0026284323747213603
9,2018-02-01,2018-03-01,191,19,infeasible,False,2,2,,,0.0009725889055337085,,,,,,-0.0018010833178570113
9,2018-03-01,2018-04-02,188,21,optimal,True,7,7,5.266142188986578e-09,0.000763675127666604,0.00073020168565371,True,0.00768554948013403,0.0,1.0,-0.0003863857152498186,-0.0012458539195129821
9,2018-04-02,2018-05-01,187,21,optimal,True,4,4,1.0681086570762943e-08,0.000908945543916282,0.0005589781464549081,True,0.00435681312130844,0.0,20.0,0.0006429739322474177,0.0003009455661419292
9,2018-05-01,2018-06-01,188,22,optimal,True,1,1,0.023549375673366568,0.0008513075983879913,0.0004807186082872999,False,-0.008780979512716683,0.008780979512716683,6.0,0.0012226920995994466,0.0011126783274636302
9,2018-06-01,2018-07-02,187,21,optimal,True,1,1,0.025052706035481213,0.0009731187397266545,0.0005965627773297307,False,-0.05278724056099794,0.05278724056099794,13.0,-0.0008864961410392644,0.0002868564525563965
9,2018-07-02,2018-08-01,188,21,optimal,True,4,4,1.0202994005226174e-09,0.0009034212418372376,0.0005186823414048025,False,-0.03961745304884291,0.03961745304884291,17.0,0.0005276345316512311,0.0017471142334079986
9,2018-08-01,2018-09-04,187,23,optimal,True,7,7,9.860989802490394e-11,0.0007104384778456548,0.000592482252236922,False,-0.006819083814810688,0.006819083814810688,1.0,0.0017904896956856048,0.001376255138816934
9,2018-09-04,2018-10-01,188,19,optimal,True,7,7,1.3447583602221869e-09,0.0008413565340408974,0.0006075953324165681,False,-0.019929558693949016,0.019929558693949016,10.0,-0.00012219000632260124,0.0003179209494034806
9,2018-10-01,2018-11-01,188,23,optimal,True,5,5,3.362999712042125e-09,0.000785084024848095,0.0005639366768616012,False,-0.020012488944907925,0.020012488944907925,13.0,-0.003063676335044486,-0.0030154460199054434
9,2018-11-01,2018-12-03,190,21,optimal,True,3,3,1.1257097530803506e-06,0.0001415244572812939,-9.753812145785658e-05,True,0.0080737615194896,0.0,1.0,0.002097289118420401,0.0009421957205386475
9,2018-12-03,2019-01-02,190,19,optimal,True,1,1,0.003040508265547054,0.0007903002468601199,0.00023610571373571372,False,-0.014462594944828988,0.014462594944828988,2.0,-0.004206571426420787,-0.004672011787345671
9,2019-01-02,2019-02-01,190,21,optimal,True,3,3,1.419011097583689e-07,0.00016631083175699433,-0.00014279390292733186,True,0.0052286335630472615,0.0,1.0,0.004726746188247104,0.0037370439499292366
9,2019-02-01,2019-03-01,190,19,optimal,True,3,3,3.007588969539121e-10,0.0006590682449984458,0.00023698539212284423,False,-0.027477440794611348,0.027477440794611348,19.0,0.00024660781924475193,0.0016927889136979805
9,2019-03-01,2019-04-01,187,21,optimal,True,4,4,3.1866395147628346e-09,0.0005188572187919216,0.0002818785596759474,True,0.013891113122822325,0.0,1.0,0.0018929657055906154,0.0008808347182077046
9,2019-04-01,2019-05-01,187,21,optimal,True,3,3,9.97779608935545e-10,0.0005405489971677476,0.00034858200127315314,False,-0.05998152920920466,0.05998152920920466,12.0,-5.692342881460591e-06,0.0019156710795301996
9,2019-05-01,2019-06-03,187,22,optimal,True,3,3,1.196727241747908e-07,0.0005254965646612115,0.0003675108449553254,True,0.006550587269560575,0.0,1.0,-0.0013058675970959227,-0.0029500262774369112
9,2019-06-03,2019-07-01,186,20,optimal,True,1,1,0.015031340431903573,0.0005861959389499963,-0.00014962321661158963,False,-0.05799546313241987,0.05799546313241987,20.0,0.0004906994526594323,0.003390472609280426
9,2019-07-01,2019-08-01,187,22,optimal,True,1,1,0.015384929665436621,0.0009105524591694713,0.00018149217035928725,False,-0.05544065466278021,0.05544065466278021,13.0,5.9445932741853905e-05,0.0006960043188370553
9,2019-08-01,2019-09-03,186,22,optimal,True,1,1,0.018198569124343783,0.0009670997382462708,0.0006376687598356297,True,0.015770540785921418,0.0,1.0,0.004829797046929665,-0.000665922671120811
9,2019-09-03,2019-10-01,187,20,optimal,True,1,1,0.01809990243314593,0.0014344075365721359,0.0004501068472377417,False,-0.06807547428234759,0.06807547428234759,7.0,-0.0012999941431865627,0.0009780478247734038
9,2019-10-01,2019-11-01,188,23,optimal,True,1,1,0.007470468837820817,0.0013521763815493775,0.001023931706853689,False,-0.011093202347379271,0.011093202347379271,23.0,0.0005003029554980703,0.000982616101036299
9,2019-11-01,2019-12-02,190,20,optimal,True,3,3,7.747410157854517e-09,0.0009149110445547203,0.0007190600434937601,False,-0.004966129034071922,0.004966129034071922,19.0,0.0015788148430110345,0.0017855202828343298
9,2019-12-02,2020-01-02,190,21,optimal,True,2,2,1.0934042160570812e-07,0.0009979493400011365,0.0007048681463678091,False,-0.07574840351625124,0.07574840351625124,18.0,-0.001491617317601093,0.001375425567907659
9,2020-01-02,2020-02-03,190,21,optimal,True,4,4,5.6775485424154226e-08,0.0008951782417295356,0.0007299793155914979,True,0.0038240982218863163,0.0,1.0,0.0016174117076026846,8.880970833154078e-06
9,2020-02-03,2020-03-02,189,19,optimal,True,1,1,0.006071946970008853,0.0011901771722190567,0.0006359159083253269,True,0.008418231070601835,0.0,1.0,-0.00026894866555536215,-0.00421220790116118
9,2020-03-02,2020-04-01,188,22,optimal,True,1,1,0.008418221308270905,0.0010195286936870822,0.0005073471707598408,True,0.06953545001985605,0.0,1.0,0.00015884987015560008,-0.004509487575536855
12,2010-05-03,2010-06-01,251,20,optimal,True,8,8,2.616006855582498e-10,0.0016232658272565487,0.0013402040295053313,True,0.008440445509411289,0.0,1.0,-0.0015036176896247768,-0.003938363772959042
12,2010-06-01,2010-07-01,252,22,optimal,True,5,5,4.4741958027394446e-08,0.0013433250103435065,0.0008065746876588694,True,0.014565566159778123,0.0,1.0,-0.00024020792391425276,-0.00228834649804001
12,2010-07-01,2010-08-02,252,21,optimal,True,5,5,2.231195728175095e-08,0.0015169027288478678,0.0006028327996644182,False,-0.05198314733009175,0.05198314733009175,21.0,0.0007489009185719496,0.0032242888866715574
12,2010-08-02,2010-09-01,251,22,optimal,True,5,5,4.0961689595775397e-10,0.0013995153891473069,0.0005813173338168189,True,0.015422094346428423,0.0,1.0,0.0010668271936798992,-0.002031195571024022
12,2010-09-01,2010-10-01,252,21,optimal,True,5,5,1.9749473376129423e-09,0.0012260597577915561,0.00025337030662683075,False,-0.041166450305072384,0.041166450305072384,21.0,0.002178337108480683,0.004138644265865082
12,2010-10-01,2010-11-01,252,21,optimal,True,5,5,4.911753781478012e-10,0.0011574641373132048,0.00045626272629778914,False,-0.019927786380757928,0.019927786380757928,6.0,0.0019856078757444656,0.0018070192985125372
12,2010-11-01,2010-12-01,251,21,optimal,True,4,4,1.8111697350220446e-09,0.0013374834973476676,0.0006790803835042688,False,-0.02788272577511744,0.02788272577511744,3.0,9.866160403654261e-05,4.194815998126433e-05
12,2010-12-01,2011-01-03,252,22,optimal,True,5,5,4.874921655240172e-08,0.0009901006417175275,0.0004388164158149911,False,-0.03781164140873169,0.03781164140873169,8.0,0.001386391210692844,0.002959657849793644
12,2011-01-03,2011-02-01,252,20,optimal,True,4,4,1.4857781671651082e-11,0.0011003574584277148,0.0006202817184164012,False,-0.035209380328360004,0.035209380328360004,20.0,-0.0005884242781183126,0.001172044738299688
12,2011-02-01,2011-03-01,253,19,optimal,True,4,4,1.2184630637790406e-08,0.00120047066351224,0.0008527094793588951,True,0.006939271632800193,0.0,1.0,0.0022997030584240175,0.0018245429970625837
12,2011-03-01,2011-04-01,253,23,optimal,True,5,5,1.20653582680319e-08,0.0012227798504393917,0.0008638692156544302,False,-0.0021164478508984685,0.0021164478508984685,23.0,-3.6127292099635015e-05,5.589217967855889e-05
12,2011-04-01,2011-05-02,253,20,optimal,True,5,5,1.9779514900952755e-09,0.001084696330461633,0.0006340787023309801,False,-0.020185945839003294,0.020185945839003294,4.0,0.0023930340562261813,0.0014432273272083295
12,2011-05-02,2011-06-01,252,21,optimal,True,2,2,5.721638215300251e-08,0.0011510132173387707,0.0006865970751407388,False,-0.027099730778002817,0.027099730778002817,4.0,-0.0008356041821364019,-0.0005150871885669861
12,2011-06-01,2011-07-01,253,22,optimal,True,5,5,2.3152692235628436e-08,0.0011539441590198425,0.0009524620847222937,False,-0.015204309629162662,0.015204309629162662,22.0,-0.0014122883552100793,-0.0007211833720663211
12,2011-07-01,2011-08-01,253,20,optimal,True,6,6,3.586196895000171e-10,0.0011977371888691917,0.0010887371391547884,True,0.00012091769177396613,0.0,1.0,0.0014153642374740406,-0.0009637835223739899
12,2011-08-01,2011-09-01,252,23,optimal,True,3,3,-7.052537442930884e-10,0.0012029677983381726,0.0007478760283276943,True,0.04455658656123544,0.0,1.0,0.002985224362325015,-0.002050605575650293
12,2011-09-01,2011-10-03,253,21,optimal,True,1,1,0.02763508516885741,0.0015419095809266923,0.0007351270097278684,False,-0.05257235376903033,0.05257235376903033,14.0,-0.005356086673996778,-0.003260556775519465
12,2011-10-03,2011-11-01,252,21,optimal,True,1,1,0.010406035343383406,0.0008839887199246877,0.00010475598553881724,False,-0.04827499402822372,0.04827499402822372,21.0,0.002804224480593187,0.005103033720032412
12,2011-11-01,2011-12-01,253,21,optimal,True,1,1,0.010406035649287701,0.0009956040695725942,0.0003945463021501683,True,0.011196976413021,0.0,1.0,0.0008774759629905908,-1.6714796181800068e-05
12,2011-12-01,2012-01-03,253,21,optimal,True,1,1,0.010406056403650853,0.000979111451320664,0.000389677044919242,False,-0.12221849627621068,0.12221849627621068,21.0,-0.005257930963085644,0.0005619974310196266
12,2012-01-03,2012-02-01,252,20,optimal,True,1,1,0.01467380667971805,0.0012427309386246652,0.00017967367349412788,False,-0.06375297419076686,0.06375297419076686,12.0,-0.00012267851479279426,0.002283442469827618
12,2012-02-01,2012-03-01,252,20,optimal,True,1,1,0.014673771077674237,0.0013540165178607202,0.0002678798426630112,False,-0.0757992384104959,0.0757992384104959,14.0,-0.0012750918076941213,0.0021398469950548228
12,2012-03-01,2012-04-02,253,22,optimal,True,1,1,0.014673767733128396,0.0011810441191422783,0.00029895787868769246,False,-0.07435140826802734,0.07435140826802734,22.0,-0.001915030920328354,0.0014645785464001617
12,2012-04-02,2012-05-01,251,20,optimal,True,1,1,0.014673799014379207,0.0009989824170721293,0.00040776052327561323,False,-0.0006356339302836314,0.0006356339302836314,2.0,0.002406459879805456,-0.000295717403531337
12,2012-05-01,2012-06-01,252,22,optimal,True,1,1,0.014673770787227085,0.0011115896858325965,0.00028489149437059346,True,0.0050233781143492785,0.0,1.0,0.003967556554765933,-0.002779423841225764
12,2012-06-01,2012-07-02,253,21,optimal,True,1,1,0.014673925737709759,0.001317550010461814,8.483068393015597e-05,False,-0.05729933632778715,0.05729933632778715,21.0,-0.0007517211292659565,0.0019768186958667657
12,2012-07-02,2012-08-01,251,21,optimal,True,1,1,0.014673874401684384,0.0013615472545531774,0.00025523968786971387,False,-0.008750469932155551,0.008750469932155551,1.0,0.0018138983174997266,0.0005974389976522364
12,2012-08-01,2012-09-04,253,23,optimal,True,1,1,0.014673772432279741,0.0013202522304943509,0.0004374042657358394,False,-0.05673141288194303,0.05673141288194303,12.0,-0.0005420010281277329,0.0010914313584767172
12,2012-09-04,2012-10-01,251,19,optimal,True,2,2,8.70889337312164e-08,0.0010778000985311748,0.0008723226352513305,False,-0.021743500619902552,0.021743500619902552,15.0,0.0004296636250669463,0.0013437870965559734
12,2012-10-01,2012-11-01,251,21,optimal,True,6,6,1.2524896675358832e-09,0.0011511152949646036,0.0011033218160819158,False,-0.022990438989602506,0.022990438989602506,20.0,-0.0019035515790242247,-0.0008524551248371466
12,2012-11-01,2012-12-03,251,21,infeasible,False,1,1,,,0.000605053825076893,,,,,,0.0003128887109188191
12,2012-12-03,2013-01-02,249,20,optimal,True,5,5,1.5422627064332062e-10,0.0007367551049547717,0.0006418899710821332,True,0.003836686037024876,0.0,1.0,0.0015650962214042038,0.00047004105043372266
12,2013-01-02,2013-02-01,250,21,optimal,True,6,6,6.618709358363617e-08,0.0006913925974595747,0.0006255562348027017,False,-0.018626346154036584,0.018626346154036584,21.0,0.001511849203740801,0.0023988180682187332
12,2013-02-01,2013-03-01,251,19,infeasible,False,2,2,,,0.0006418142977558425,,,,,,0.0007012569177942188
12,2013-03-01,2013-04-01,250,20,optimal,True,4,4,5.276350675820218e-10,0.0006336752089643236,0.0005264893210948407,False,-0.01176617034714289,0.01176617034714289,20.0,0.001287751847138818,0.0018760603644959629
12,2013-04-01,2013-05-01,248,22,optimal,True,5,5,4.02458358861324e-08,0.0006136783493644671,0.0005521081029952656,False,-0.014073801907382569,0.014073801907382569,13.0,0.0007855056194709599,0.0009034216335468162
12,2013-05-01,2013-06-03,250,22,optimal,True,5,5,4.879651516187522e-09,0.0007380639367581222,0.0006508497342059303,False,-0.06990395828831639,0.06990395828831639,22.0,-0.0020950983099462766,0.00108235433952265
12,2013-06-03,2013-07-01,249,20,infeasible,False,2,2,,,0.001095777397729491,,,,,,-0.0006145281688274939
12,2013-07-01,2013-08-01,249,22,infeasible,False,2,2,,,0.0007785855322819105,,,,,,0.00230224305919727
12,2013-08-01,2013-09-03,250,22,infeasible,False,3,3,,,0.0009278837035593548,,,,,,-0.0013626858824703492
12,2013-09-03,2013-10-01,249,20,user_limit,False,4,4,,,0.0007103972499217933,,,,,,0.0015726893853157287
12,2013-10-01,2013-11-01,250,23,optimal,True,5,5,1.9090126701648558e-10,0.0007877808844784429,0.0007312429924091104,False,-0.019584357040132238,0.019584357040132238,23.0,0.0011475136932151166,0.0019990074775686918
12,2013-11-01,2013-12-02,252,20,optimal,True,8,8,4.0374337206827704e-10,0.0009845011581236217,0.0009789264988410223,False,-0.0065523253910939015,0.0065523253910939015,3.0,0.0014494033900212815,0.0014761464060700392
12,2013-12-02,2014-01-02,251,21,infeasible,False,3,3,,,0.0010742698920320445,,,,,,0.0012374351191627283
12,2014-01-02,2014-02-03,252,21,infeasible,False,3,3,,,0.0011358216642610556,,,,,,-0.0016771713400557861
12,2014-02-03,2014-03-03,251,19,optimal,True,3,3,3.50105444635318e-10,0.0009548844307033553,0.0007583425678969145,False,-0.0011369712659707876,0.0011369712659707876,7.0,0.002495716523638212,0.0023746225461099835
12,2014-03-03,2014-04-01,251,21,optimal,True,4,4,-3.720079799762743e-12,0.0011482665274553648,0.0009128575847760958,False,-0.03309503239428273,0.03309503239428273,21.0,-0.0011633090556237488,0.00041264486791352316
12,2014-04-01,2014-05-01,253,21,optimal,True,4,4,4.3252668113780146e-10,0.0009263215566709927,0.0008046227814003374,False,-0.03512856195348718,0.03512856195348718,11.0,3.689176675443468e-05,0.0003620663566586228
12,2014-05-01,2014-06-02,252,21,optimal,True,4,4,-1.3109703045355303e-09,0.0007679399353030237,0.0007591177827225654,False,-0.0012354789701186867,0.0012354789701186867,1.0,0.0017697172916196584,0.0011052766170140526
12,2014-06-02,2014-07-01,251,21,optimal,True,3,3,-3.064506981509396e-11,0.0008318360415425506,0.0007597477877843956,True,0.0011376954789220949,0.0,1.0,0.0012004000104593703,0.0009795803297744416
12,2014-07-01,2014-08-01,252,22,optimal,True,4,4,-1.8335537185776296e-09,0.0009921152049456787,0.000887136686649589,True,0.0031638137946586632,0.0,1.0,0.0005161517873047909,-0.0005944721810508889
12,2014-08-01,2014-09-02,252,21,optimal,True,4,4,-1.213406840283593e-10,0.0008620529383365075,0.0006342488482152259,True,0.00432974076683188,0.0,1.0,0.002313483629377228,0.001856066881722219
12,2014-09-02,2014-10-01,251,21,optimal,True,4,4,-2.0157805979970078e-10,0.0010825731735084273,0.000911502803508969,False,-0.005542079500290287,0.005542079500290287,8.0,-0.0008102795399323003,-0.0006449115139960224
12,2014-10-01,2014-11-03,252,23,optimal,True,4,4,-6.819936976265595e-12,0.000881862128986993,0.0007293264848433341,True,0.0021921977141036407,0.0,1.0,0.001223393524009289,0.001074469754789309
12,2014-11-03,2014-12-01,251,19,optimal,True,4,4,1.1938994064208952e-09,0.0008384570643359704,0.0006379923002326371,False,-0.0026085220897214285,0.0026085220897214285,3.0,0.0021812548406603565,0.0014308612866407926
12,2014-12-01,2015-01-02,251,22,optimal,True,3,3,5.210719321302459e-10,0.0009879153354096202,0.0006382045533122258,True,0.0014095274410784123,0.0,1.0,0.0002926216318606603,-7.049404788279039e-05
12,2015-01-02,2015-02-02,252,20,optimal,True,2,2,5.061754567575738e-09,0.0010384742180875087,0.0005263981600219443,True,0.012961945674981882,0.0,1.0,0.003921011544365555,-0.0014493283185591898
12,2015-02-02,2015-03-02,251,19,optimal,True,2,2,1.4272712074714367e-09,0.0011551832501195361,0.0005533321438068434,False,-0.10182256159820677,0.10182256159820677,19.0,-0.0024604239180038697,0.0028986582713754353
12,2015-03-02,2015-04-01,251,22,optimal,True,3,3,1.1007178657429506e-07,0.0008464978480358836,0.0005930001867552241,False,-0.009795338548017715,0.009795338548017715,4.0,0.0005742500396352649,-0.0006814353323942262
12,2015-04-01,2015-05-01,252,21,optimal,True,5,5,2.332054317016885e-09,0.0008566841834799565,0.0004967695529234298,False,-0.04847527106592457,0.04847527106592457,16.0,-0.0013656436235253578,0.00047982607578318196
12,2015-05-01,2015-06-01,252,20,optimal,True,6,6,1.5453991558667113e-10,0.0008471742089460998,0.0005065828628504764,False,-0.008300069280246097,0.008300069280246097,13.0,0.0006416746703925254,0.0006605493717652567
12,2015-06-01,2015-07-01,251,22,optimal,True,6,6,4.540437643918427e-10,0.0007379119687098514,0.0004687611948857772,False,-0.007877138303560044,0.007877138303560044,22.0,-0.0012668826996189318,-0.0009088309585480206
12,2015-07-01,2015-08-03,252,22,optimal,True,4,4,6.746664338308506e-10,0.0005404587135529127,0.00030592695199607283,True,0.004340637384198301,0.0,1.0,0.0020668398781157923,0.0010415907512319365
12,2015-08-03,2015-09-01,251,21,optimal,True,4,4,4.5654629590718976e-09,0.0006829586379762945,0.00046271935031210083,True,0.005165904868022014,0.0,5.0,-0.002607544710425161,-0.002854344106912263
12,2015-09-01,2015-10-01,252,21,optimal,True,4,4,6.62871226242423e-08,0.0002657713911735787,5.622359385677932e-05,True,0.004708998058165003,0.0,1.0,-0.000636284992439274,-0.0011340514364232795
12,2015-10-01,2015-11-02,252,22,optimal,True,4,4,8.86955922874133e-08,0.00040582712247266785,1.5461933654507886e-05,False,-0.03390967761900338,0.03390967761900338,22.0,0.0022060926654790956,0.003747441648161068
12,2015-11-02,2015-12-01,251,20,optimal,True,3,3,6.837474642029662e-09,0.0005092368313870463,0.0002455271680491051,False,-0.0024359655845282886,0.0024359655845282886,1.0,0.00024090203894070378,0.00021002106378395502
12,2015-12-01,2016-01-04,252,22,optimal,True,3,3,4.4629350770541976e-09,0.00035688235039191594,0.00015333879368979928,False,-0.0007983236252397663,0.0007983236252397663,7.0,-0.0005812189983253766,-0.0007293460005484294
12,2016-01-04,2016-02-01,251,19,optimal,True,5,5,1.7387783712852212e-09,0.0003821954186239014,9.833372734518543e-05,False,-0.021827346990277885,0.021827346990277885,5.0,-0.00286720518875893,-0.0025757326084041984
12,2016-02-01,2016-03-01,251,20,optimal,True,4,4,4.223345451137561e-09,0.00019597437017570632,1.671027833740792e-05,False,-0.009623444350402958,0.009623444350402958,1.0,-0.0004440335937442331,2.5510377924714555e-05
12,2016-03-01,2016-04-01,252,22,optimal,True,1,1,0.014923681666976808,0.00018911177201858198,-0.0001998810306942444,False,-0.06607378515682716,0.06607378515682716,22.0,-1.59986422533386e-05,0.0029873552285115327
12,2016-04-01,2016-05-02,252,21,optimal,True,5,5,4.787722912569237e-09,0.0002411127056622502,0.00012041020874990914,False,-0.02288345413685395,0.02288345413685395,20.0,-0.0008099975552831948,0.00020712127031298158
12,2016-05-02,2016-06-01,251,21,optimal,True,1,1,0.011775597427662075,0.00040196598743435076,5.488097961585917e-05,False,-0.07996399541956636,0.07996399541956636,21.0,-0.0029813290119386597,0.0008264802937549778
12,2016-06-01,2016-07-01,253,22,optimal,True,4,4,5.231721791898458e-10,0.00045016714173601855,0.00011368249179309208,True,0.028244113833505786,0.0,1.0,0.0030737961557020313,0.00022363183722371146
12,2016-07-01,2016-08-01,253,20,optimal,True,3,3,5.064612500216281e-09,0.0009002145870718268,0.00021215751751237313,False,-0.019610259466948964,0.019610259466948964,9.0,0.002009910741841681,0.0018031538903112599
12,2016-08-01,2016-09-01,251,23,optimal,True,1,1,0.011775584800673453,0.000877110922885275,0.00026623080960060954,False,-0.03880220922127925,0.03880220922127925,14.0,-0.0014200961893953048,5.7739761248396334e-05
12,2016-09-01,2016-10-03,253,21,optimal,True,3,3,8.661120554087631e-08,0.0009350120678180813,0.0005062971302910024,False,-0.03943434850080668,0.03943434850080668,8.0,-0.0007860401902580677,4.10178792989303e-05
12,2016-10-03,2016-11-01,251,21,optimal,True,5,5,1.201320549981677e-08,0.0006995042313934048,0.0005387352370715806,False,-0.05797050903901456,0.05797050903901456,7.0,-0.0024043388136636055,-0.0008238740104406849
12,2016-11-01,2016-12-01,252,21,optimal,True,3,3,3.1302414815748136e-07,0.0004803285000989614,0.00021041491712298473,False,-0.11716772758588048,0.11716772758588048,21.0,-0.003834441909938351,0.0017449736893892906
12,2016-12-01,2017-01-03,253,21,optimal,True,3,3,1.8598734741193113e-07,0.0004956234984230378,0.00033782049532208756,False,-0.017967078789799834,0.017967078789799834,12.0,0.0007655371278050666,0.0009682231377090513
12,2017-01-03,2017-02-01,252,20,optimal,True,3,3,1.273619876229759e-09,0.0007189864449195,0.00048351937785890347,False,-0.015594997979118723,0.015594997979118723,12.0,0.0006109515158752981,0.0008954876972120218
12,2017-02-01,2017-03-01,253,19,optimal,True,6,6,3.1386592214133202e-09,0.0009118610329823149,0.0007458322400172486,False,-0.023456523417075152,0.023456523417075152,16.0,0.000963234706331835,0.0020343503284337046
12,2017-03-01,2017-04-03,252,23,optimal,True,7,7,1.262021598336105e-10,0.0009480184081722589,0.0009001508151036111,False,-0.006521808860155076,0.006521808860155076,7.0,0.00013546224481386169,6.759111728084416e-05
12,2017-04-03,2017-05-01,252,19,optimal,True,7,7,2.0056653449174178e-08,0.0007389567024163444,0.0006184870872014948,True,0.002324023220018961,0.0,1.0,0.000697144482516151,0.0005306633019858062
12,2017-05-01,2017-06-01,251,22,optimal,True,5,5,1.5537427455747377e-09,0.0008685585527889758,0.0006709316419819657,False,-0.0017047060701196742,0.0017047060701196742,2.0,0.0013888102430136074,0.0006484536824889829
12,2017-06-01,2017-07-03,252,22,optimal,True,4,4,5.8326434793087856e-09,0.000854521860439611,0.0006560068927911765,False,-0.04056431205483596,0.04056431205483596,14.0,-0.000824563642910758,0.00029936687300259233
12,2017-07-03,2017-08-01,251,20,optimal,True,6,6,1.7968085352926266e-09,0.0007413555529879949,0.0006568901605811759,False,-0.005360229120087649,0.005360229120087649,6.0,0.001347748938859348,0.0010236835959017976
12,2017-08-01,2017-09-01,252,23,optimal,True,7,7,9.587886040662852e-12,0.0006937619833552296,0.0006007559598504865,False,-0.00036822472616360874,0.00036822472616360874,1.0,0.0004855065372940014,0.00014333835658924374
12,2017-09-01,2017-10-02,252,20,optimal,True,8,8,6.016382947393595e-10,0.0006891184365909485,0.0006085685300601671,False,-0.013309560164156114,0.013309560164156114,12.0,0.00033863917407100843,0.001003447234012056
12,2017-10-02,2017-11-01,251,22,infeasible,False,2,2,,,0.000687517286016437,,,,,,0.0010639771780621093
12,2017-11-01,2017-12-01,252,21,infeasible,False,2,2,,,0.0008463321068521686,,,,,,0.0014426464738357878
12,2017-12-01,2018-01-02,252,20,optimal,True,8,8,4.898791372554001e-10,0.0009117509896902797,0.00082113817222271,False,-0.002437906475697811,0.002437906475697811,2.0,0.0005944249225301808,0.0006086438099613733
12,2018-01-02,2018-02-01,251,21,optimal,True,9,9,1.5918544260529188e-11,0.0009131073369547525,0.0007919004370815152,False,-0.0023281365958033595,0.0023281365958033595,21.0,0.002517568727302153,0.0026284323747213603
12,2018-02-01,2018-03-01,252,19,optimal,True,9,9,1.2486869871430883e-10,0.0009551067295063932,0.0009367235540967001,True,0.005266109545526528,0.0,19.0,-0.001523919657566141,-0.0018010833178570113
12,2018-03-01,2018-04-02,252,21,optimal,True,9,9,2.159650402955293e-09,0.0007977341635013372,0.0006475440331462096,True,0.004399847111107861,0.0,21.0,-0.001036337390412609,-0.0012458539195129821
12,2018-04-02,2018-05-01,250,21,optimal,True,5,5,1.996550813565534e-09,0.0006893770081685835,0.0005418542733824512,False,-0.006913338792462739,0.006913338792462739,19.0,0.00010231504314450426,0.0003009455661419292
12,2018-05-01,2018-06-01,252,22,optimal,True,5,5,1.943495386846905e-08,0.0007230803966932434,0.0005226223114954881,True,0.0015260802151099671,0.0,2.0,0.0014282521833960129,0.0011126783274636302
12,2018-06-01,2018-07-02,252,21,optimal,True,4,4,8.121005234951184e-08,0.0008618071657750662,0.0005631498598662906,False,-0.03648909395166938,0.03648909395166938,12.0,-0.0006648464584084639,0.0002868564525563965
12,2018-07-02,2018-08-01,251,21,optimal,True,3,3,2.5528488212245293e-09,0.0009125048920628851,0.0005631540995375797,False,-0.0409663086454207,0.0409663086454207,17.0,0.00037502560605446017,0.0017471142334079986
12,2018-08-01,2018-09-04,252,23,optimal,True,6,6,1.6170225713985076e-08,0.0007568658045973327,0.0006252674839978752,False,-0.008066436481180994,0.008066436481180994,9.0,0.0016118241574970612,0.001376255138816934
12,2018-09-04,2018-10-01,251,19,optimal,True,7,7,3.4168201601403325e-10,0.0008861247201032861,0.0007351010201722986,False,-0.017031716783590778,0.017031716783590778,6.0,-0.00011867342169508142,0.0003179209494034806
12,2018-10-01,2018-11-01,251,23,optimal,True,6,6,8.81242634420687e-10,0.0008308234710536102,0.0006848448020602647,False,-0.014796801245437363,0.014796801245437363,12.0,-0.0030502946254693723,-0.0030154460199054434
12,2018-11-01,2018-12-03,252,21,optimal,True,5,5,5.767643918019871e-09,0.00038726580045192536,0.00031402098786482074,False,-0.04997749223173179,0.04997749223173179,21.0,-0.0014376848619247714,0.0009421957205386475
12,2018-12-03,2019-01-02,251,19,optimal,True,6,6,1.620157341619688e-10,0.00032468150412757584,0.000281670407197081,True,0.005726485124286793,0.0,1.0,-0.0030859664184093756,-0.004672011787345671
12,2019-01-02,2019-02-01,251,21,optimal,True,3,3,2.9762595110671697e-07,8.420917994038108e-05,-0.0001287540917772921,False,-0.012265990367563477,0.012265990367563477,17.0,0.0032247628250807736,0.0037370439499292366
12,2019-02-01,2019-03-01,251,19,optimal,True,1,1,0.004157911577651913,0.0004233674946070149,-3.600172891129452e-05,False,-0.024959823871787704,0.024959823871787704,19.0,0.0003791139730775751,0.0016927889136979805
12,2019-03-01,2019-04-01,251,21,optimal,True,3,3,7.695895309911549e-10,0.0006890771050264046,0.00022847465515063713,True,0.014750257717986406,0.0,1.0,0.0020626426619429067,0.0008808347182077046
12,2019-04-01,2019-05-01,251,21,optimal,True,3,3,1.2557237957788736e-09,0.0007115177054198621,0.00040640478021890177,False,-0.06414865522996681,0.06414865522996681,12.0,-0.00014887414944845674,0.0019156710795301996
12,2019-05-01,2019-06-03,251,22,optimal,True,4,4,2.1608593803179588e-09,0.0007482067391366565,0.0005415013371159284,True,0.006484049657531136,0.0,1.0,-0.001491848393253987,-0.0029500262774369112
12,2019-06-03,2019-07-01,250,20,optimal,True,3,3,9.683317134245861e-10,0.0005674717234453559,0.00014687863290580738,False,-0.05231585293539116,0.05231585293539116,20.0,0.0007746799625108684,0.003390472609280426
12,2019-07-01,2019-08-01,250,22,optimal,True,4,4,5.87714922214988e-08,0.0004941400563424615,0.0004332912039608412,False,-0.016322372010207434,0.016322372010207434,17.0,0.0007095608156227688,0.0006960043188370553
12,2019-08-01,2019-09-03,251,22,optimal,True,1,1,0.013033094790133787,0.0005744872431837724,0.0003463964028010261,True,0.018376768646996944,0.0,1.0,0.003509454467137704,-0.000665922671120811
12,2019-09-03,2019-10-01,250,20,optimal,True,1,1,0.013033046792272948,0.0009694951393531825,0.0001625653205824409,False,-0.06870454323808052,0.06870454323808052,10.0,-0.0016760738423496706,0.0009780478247734038
12,2019-10-01,2019-11-01,251,23,optimal,True,1,1,0.011043365385273403,0.0009199393219412899,0.00021578401833630346,False,-0.03729892030875079,0.03729892030875079,21.0,-0.0004553699187558262,0.000982616101036299
12,2019-11-01,2019-12-02,251,20,optimal,True,1,1,0.011043371496134869,0.0009946723152956586,0.0005821403083030766,False,-0.053161795981194866,0.053161795981194866,12.0,-0.00017537508298395873,0.0017855202828343298
12,2019-12-02,2020-01-02,250,21,optimal,True,1,1,0.011043405821089768,0.0009130130785441476,0.0006481660516377889,False,-0.0763924710481123,0.0763924710481123,18.0,-0.0015112210491976027,0.001375425567907659
12,2020-01-02,2020-02-03,252,21,optimal,True,7,7,8.693999076214709e-09,0.0012169954674533417,0.0011098955309328405,True,0.003988981140669815,0.0,1.0,0.0012891374173794466,8.880970833154078e-06
12,2020-02-03,2020-03-02,251,19,optimal,True,3,3,4.2720834203535674e-08,0.0011002359589890316,0.0008004812274369426,True,0.005102302186310248,0.0,1.0,-0.0020150471738051698,-0.00421220790116118
12,2020-03-02,2020-04-01,251,22,optimal,True,1,1,0.023552645597736406,0.0011862470980189518,0.00033053161355130824,True,0.04274085765980358,0.0,1.0,0.003491337751564025,-0.004509487575536855
18,2010-05-03,2010-06-01,375,20,optimal,True,4,4,6.685121817229245e-09,0.001634862836914672,0.000814953177472263,True,0.00813842700349366,0.0,1.0,-0.0016480991057043252,-0.003938363772959042
18,2010-06-01,2010-07-01,376,22,optimal,True,7,7,9.411649404267308e-09,0.0015274193890050481,0.0007468485265109164,True,0.014637142134177127,0.0,1.0,-0.00015250615957964348,-0.00228834649804001
18,2010-07-01,2010-08-02,376,21,optimal,True,4,4,4.681086562818848e-08,0.001226917392032262,0.0005631090748032323,False,-0.02688087198399962,0.02688087198399962,21.0,0.001944247363623956,0.0032242888866715574
18,2010-08-02,2010-09-01,377,22,optimal,True,9,9,2.898450590649304e-09,0.0014690242771060128,0.0009529406357129729,True,0.0031573972374783,0.0,1.0,-0.0011494691501095658,-0.002031195571024022
18,2010-09-01,2010-10-01,380,21,optimal,True,8,8,3.077155780184526e-09,0.0016552625024362183,0.0011148328597582167,False,-0.032447495327797254,0.032447495327797254,21.0,0.00259352544073188,0.004138644265865082
18,2010-10-01,2010-11-01,379,21,optimal,True,8,8,4.96657388826538e-10,0.0016421916051112117,0.001110755388720773,False,-0.010254427161484551,0.010254427161484551,8.0,0.0017493920473993635,0.0018070192985125372
18,2010-11-01,2010-12-01,379,21,optimal,True,7,7,1.0334165745362611e-09,0.0014136505920494134,0.0009512913868804649,False,-0.022901347588567184,0.022901347588567184,3.0,0.00030276384746876346,4.194815998126433e-05
18,2010-12-01,2011-01-03,380,22,optimal,True,6,6,1.0027223495967519e-09,0.0012385986488422961,0.0007938863384270149,False,-0.031181514181141866,0.031181514181141866,8.0,0.0015468412881688503,0.002959657849793644
18,2011-01-03,2011-02-01,378,20,optimal,True,5,5,6.720979328633803e-10,0.0014580153675134667,0.0010289703717908877,False,-0.046417979768987955,0.046417979768987955,20.0,-0.0011488542501497108,0.001172044738299688
18,2011-02-01,2011-03-01,378,19,optimal,True,8,8,5.3587627668605364e-09,0.001213857302124763,0.0008347025447049829,True,0.01360462789735752,0.0,1.0,0.002578289241118472,0.0018245429970625837
18,2011-03-01,2011-04-01,376,23,optimal,True,5,5,-3.1599112215729974e-11,0.001227232898054384,0.0008319384252317577,True,0.0008964078108956441,0.0,23.0,9.486643232619597e-05,5.589217967855889e-05
18,2011-04-01,2011-05-02,378,20,optimal,True,5,5,-5.318219475913821e-11,0.0010738714559357407,0.0007362744132107475,True,0.0064268124533972,0.0,1.0,0.0034194984890071104,0.0014432273272083295
18,2011-05-02,2011-06-01,376,21,optimal,True,5,5,-2.1829996144084873e-10,0.001278015767332964,0.000863563400802113,False,-0.0026934107010223515,0.0026934107010223515,4.0,-1.526417639184032e-05,-0.0005150871885669861
18,2011-06-01,2011-07-01,377,22,optimal,True,5,5,1.3538836718396396e-09,0.001055161303966259,0.0006714447132835212,False,-0.012648317728323102,0.012648317728323102,22.0,-0.0012961069051719168,-0.0007211833720663211
18,2011-07-01,2011-08-01,377,20,optimal,True,5,5,6.758245560400944e-10,0.0009629743212231436,0.0005779453747547045,True,0.0022857897553995796,0.0,1.0,0.002130941993901468,-0.0009637835223739899
18,2011-08-01,2011-09-01,378,23,optimal,True,4,4,-3.9940412088768085e-12,0.0011767110668380655,0.0006206173182696229,True,0.02258644364791189,0.0,1.0,0.0007534511095787386,-0.002050605575650293
18,2011-09-01,2011-10-03,382,21,optimal,True,1,1,0.02699080073494292,0.001324180424649906,0.0004072945403260261,False,-0.05257219860968615,0.05257219860968615,14.0,-0.005356085703360855,-0.003260556775519465
18,2011-10-03,2011-11-01,379,21,optimal,True,1,1,0.014673813466626127,0.0010285508664185465,5.502543654762958e-05,False,-0.14784968739777155,0.14784968739777155,20.0,-0.0017078811549599085,0.005103033720032412
18,2011-11-01,2011-12-01,380,21,optimal,True,1,1,0.010406028634040193,0.0010462889024777178,0.0003120842498353573,True,0.01119697529098226,0.0,1.0,0.0008774761658426178,-1.6714796181800068e-05
18,2011-12-01,2012-01-03,381,21,optimal,True,1,1,0.01040604679828841,0.0010093822905607587,0.0005170820988892356,False,-0.12221857413965578,0.12221857413965578,21.0,-0.005257934670868745,0.0005619974310196266
18,2012-01-03,2012-02-01,378,20,optimal,True,5,5,1.041205045793081e-08,0.000898023719343568,0.0007117985370483571,False,-0.013086896269087454,0.013086896269087454,4.0,0.002667815993507423,0.002283442469827618
18,2012-02-01,2012-03-01,379,20,optimal,True,1,1,0.010406073681174063,0.0010800760418855336,0.000625626995940741,False,-0.09533537291305828,0.09533537291305828,14.0,-0.0013920551596569208,0.0021398469950548228
18,2012-03-01,2012-04-02,377,22,optimal,True,3,3,3.120975478054788e-08,0.0011466791966564156,0.0008609970130641001,True,0.0015705115449067275,0.0,2.0,0.0020858098181530896,0.0014645785464001617
18,2012-04-02,2012-05-01,377,20,optimal,True,3,3,9.913861198640461e-08,0.0009505830387297296,0.0007047736581605022,False,-0.022065916997115756,0.022065916997115756,12.0,-0.0004890389141008369,-0.000295717403531337
18,2012-05-01,2012-06-01,377,22,optimal,True,4,4,8.564462592453026e-07,0.0007677962073117431,0.0005995844005926063,False,-0.012372363527836452,0.012372363527836452,20.0,-0.0029180331897187893,-0.002779423841225764
18,2012-06-01,2012-07-02,378,21,optimal,True,2,2,4.3505513280805985e-07,0.0009049652541644627,0.00043390233639375455,False,-0.05704838768758218,0.05704838768758218,21.0,-0.0007397711940180996,0.0019768186958667657
18,2012-07-02,2012-08-01,377,21,optimal,True,1,1,0.014673812657219974,0.0009620988819903935,0.0003724557110731595,False,-0.008750492580763946,0.008750492580763946,1.0,0.0018138992791588548,0.0005974389976522364
18,2012-08-01,2012-09-04,378,23,optimal,True,1,1,0.014673767008515942,0.001141007350998126,0.0003426484848129215,False,-0.05673142043914245,0.05673142043914245,12.0,-0.0005420011445358841,0.0010914313584767172
18,2012-09-04,2012-10-01,379,19,optimal,True,1,1,0.014673766729575953,0.0011192302597868554,0.0003094141393496313,False,-0.05028379926072266,0.05028379926072266,19.0,-0.0013027286540083765,0.0013437870965559734
18,2012-10-01,2012-11-01,378,21,optimal,True,1,1,0.014673788506867937,0.000994997394817585,0.00038149250333866766,False,-0.0220024813337103,0.0220024813337103,11.0,-0.0001919982521525683,-0.0008524551248371466
18,2012-11-01,2012-12-03,379,21,optimal,True,1,1,0.014673783232208894,0.0009194264441511066,0.0002570925121273607,True,0.005421609710349494,0.0,21.0,0.0005710606018878424,0.0003128887109188191
18,2012-12-03,2013-01-02,377,20,optimal,True,1,1,0.01467381154162143,0.0008804349848024903,0.0003669710677266817,False,-0.03398361469860994,0.03398361469860994,20.0,-0.0012291396844967748,0.00047004105043372266
18,2013-01-02,2013-02-01,376,21,optimal,True,1,1,0.014673793864698907,0.0008670217249842654,0.00033328772074976785,False,-0.08225543011230753,0.08225543011230753,21.0,-0.0015181071752244837,0.0023988180682187332
18,2013-02-01,2013-03-01,378,19,optimal,True,2,2,4.845260876962243e-07,0.0006552521634592433,0.0005548763520097311,False,-0.0091055544962488,0.0091055544962488,17.0,0.0006781124690197723,0.0007012569177942188
18,2013-03-01,2013-04-01,374,20,infeasible,False,2,2,,,0.0007225429698869658,,,,,,0.0018760603644959629
18,2013-04-01,2013-05-01,373,22,infeasible,False,3,3,,,0.0010086433520470597,,,,,,0.0009034216335468162
18,2013-05-01,2013-06-03,374,22,optimal,True,5,5,4.539307124629133e-11,0.000807815444851499,0.0007725549147885095,False,-0.08542938689709903,0.08542938689709903,22.0,-0.0028007996103454873,0.00108235433952265
18,2013-06-03,2013-07-01,373,20,infeasible,False,2,2,,,0.0008421950760757552,,,,,,-0.0006145281688274939
18,2013-07-01,2013-08-01,374,22,infeasible,False,2,2,,,0.0007727428740434669,,,,,,0.00230224305919727
18,2013-08-01,2013-09-03,376,22,infeasible,False,2,2,,,0.0007818785446756495,,,,,,-0.0013626858824703492
18,2013-09-03,2013-10-01,376,20,infeasible,False,2,2,,,0.0005826549357114125,,,,,,0.0015726893853157287
18,2013-10-01,2013-11-01,376,23,optimal,True,7,7,-7.03108550548226e-10,0.0006072291513892668,0.0005862855403407209,False,-0.019925561757497337,0.019925561757497337,23.0,0.001132678705503591,0.0019990074775686918
18,2013-11-01,2013-12-02,379,20,infeasible,False,3,3,,,0.0007185616971578304,,,,,,0.0014761464060700392
18,2013-12-02,2014-01-02,376,21,infeasible,False,2,2,,,0.0010323993466964919,,,,,,0.0012374351191627283
18,2014-01-02,2014-02-03,377,21,infeasible,False,2,2,,,0.0009216925218578264,,,,,,-0.0016771713400557861
18,2014-02-03,2014-03-03,375,19,optimal,True,5,5,-2.1639920411153923e-10,0.0008494405342108233,0.0008199656799749372,False,-0.004183438993667243,0.004183438993667243,4.0,0.0022697267537277245,0.0023746225461099835
18,2014-03-03,2014-04-01,373,21,infeasible,False,3,3,,,0.0008571747205888935,,,,,,0.00041264486791352316
18,2014-04-01,2014-05-01,375,21,infeasible,False,2,2,,,0.000807626021790074,,,,,,0.0003620663566586228
18,2014-05-01,2014-06-02,375,21,infeasible,False,2,2,,,0.0008756392247538371,,,,,,0.0011052766170140526
18,2014-06-02,2014-07-01,375,21,infeasible,False,2,2,,,0.0009200129474951701,,,,,,0.0009795803297744416
18,2014-07-01,2014-08-01,376,22,infeasible,False,2,2,,,0.000947274524540632,,,,,,-0.0005944721810508889
18,2014-08-01,2014-09-02,377,21,optimal,True,4,4,-9.33953955839506e-11,0.0008742209647429706,0.0007764500101102511,True,0.0037143923737663898,0.0,1.0,0.002320499088585775,0.001856066881722219
18,2014-09-02,2014-10-01,378,21,optimal,True,4,4,-4.705566492013702e-11,0.0009745438216982006,0.0008335375711915888,False,-0.00445431786726052,0.00445431786726052,7.0,-0.0004332842858637774,-0.0006449115139960224
18,2014-10-01,2014-11-03,380,23,optimal,True,4,4,-3.278170096487898e-11,0.0008914349199265928,0.0007034495468573826,True,0.0002207109542538277,0.0,1.0,0.0012226058418282858,0.001074469754789309
18,2014-11-03,2014-12-01,379,19,optimal,True,5,5,4.5453446562149225e-11,0.0008658379846044891,0.000716697766539668,False,-0.0028552172148446527,0.0028552172148446527,3.0,0.002209573909439992,0.0014308612866407926
18,2014-12-01,2015-01-02,378,22,optimal,True,4,4,1.5369711059420865e-09,0.0009506019677851165,0.0007288966275254135,False,-0.011472690655391245,0.011472690655391245,22.0,-0.0005919799867642105,-7.049404788279039e-05
18,2015-01-02,2015-02-02,379,20,optimal,True,4,4,1.3965695301598746e-09,0.0009346342993015574,0.0007398488661960142,False,-0.0020841705534751787,0.0020841705534751787,1.0,0.00022152651383796463,-0.0014493283185591898
18,2015-02-02,2015-03-02,377,19,optimal,True,3,3,6.933504610728836e-09,0.0008614737362362343,0.0005174231437403451,False,-0.11192267153899482,0.11192267153899482,19.0,-0.0029920086517295557,0.0028986582713754353
18,2015-03-02,2015-04-01,375,22,optimal,True,5,5,-7.156775172489915e-13,0.0009904522180774569,0.0007778141397991787,False,-0.00973850210323441,0.00973850210323441,2.0,-0.0002931529834915751,-0.0006814353323942262
18,2015-04-01,2015-05-01,377,21,optimal,True,4,4,2.284141879110857e-09,0.0008545149778579246,0.0006504905501477572,False,-0.02849118169900671,0.02849118169900671,17.0,-0.0005475121244414426,0.00047982607578318196
18,2015-05-01,2015-06-01,375,20,optimal,True,6,6,3.249166075081078e-09,0.0007444435905003778,0.0005582243013681903,False,-0.008077283247162725,0.008077283247162725,13.0,0.0006674695842117565,0.0006605493717652567
18,2015-06-01,2015-07-01,375,22,optimal,True,5,5,2.5923929357352105e-09,0.0007342400439604078,0.0005147257928719353,False,-0.020706991681115477,0.020706991681115477,16.0,-0.0015043604715206577,-0.0009088309585480206
18,2015-07-01,2015-08-03,376,22,optimal,True,6,6,1.3194726249110555e-09,0.0005953403035838318,0.0003910684939800584,True,0.0047184675572898484,0.0,1.0,0.002255520964957546,0.0010415907512319365
18,2015-08-03,2015-09-01,377,21,optimal,True,5,5,3.592478398095622e-11,0.0007171277598517564,0.0005442369984211568,True,0.0061527067960158305,0.0,21.0,-0.0025613580690067466,-0.002854344106912263
18,2015-09-01,2015-10-01,379,21,optimal,True,4,4,1.0453978099844718e-08,0.0004629378668776386,0.0002641643635449311,True,0.005479716272832023,0.0,1.0,-0.0005977606630412997,-0.0011340514364232795
18,2015-10-01,2015-11-02,379,22,optimal,True,4,4,2.3692881701009583e-07,0.0004850775764787848,0.00017846351290885494,True,0.0010005338410737693,0.0,1.0,0.004173286995809938,0.003747441648161068
18,2015-11-02,2015-12-01,379,20,optimal,True,3,3,2.1917704318141773e-09,0.000721013178309309,0.0003756517060662481,False,-0.0024786817446834954,0.0024786817446834954,1.0,0.0002421847444551665,0.00021002106378395502
18,2015-12-01,2016-01-04,379,22,optimal,True,3,3,4.165536249267632e-10,0.0006319198891058584,0.0003257720487613521,False,-0.0009893285580728078,0.0009893285580728078,7.0,-0.0005821366161286584,-0.0007293460005484294
18,2016-01-04,2016-02-01,377,19,optimal,True,4,4,7.35293530507164e-08,0.0004942853076625847,0.00019688183099898454,False,-0.02132178768473833,0.02132178768473833,5.0,-0.002783466520755072,-0.0025757326084041984
18,2016-02-01,2016-03-01,377,20,optimal,True,2,2,7.122787535340791e-07,0.00043863263559708717,0.0001352527213969854,True,0.002667480670889153,0.0,1.0,0.0015479920316856654,2.5510377924714555e-05
18,2016-03-01,2016-04-01,376,22,optimal,True,1,1,0.014923455747595741,0.00039986314347672267,3.33060611941255e-05,False,-0.06607372457735672,0.06607372457735672,22.0,-1.599588864104489e-05,0.0029873552285115327
18,2016-04-01,2016-05-02,377,21,optimal,True,4,4,4.407255671523558e-10,0.0006067276159763056,0.000243469591061436,False,-0.024921338317542334,0.024921338317542334,21.0,-0.0009796091257604634,0.00020712127031298158
18,2016-05-02,2016-06-01,375,21,optimal,True,3,3,1.2419859971579683e-06,0.00036000852545947166,0.00019046607505754636,False,-0.00844833463963337,0.00844833463963337,21.0,0.00042417864424862693,0.0008264802937549778
18,2016-06-01,2016-07-01,377,22,optimal,True,3,3,1.4501979839209866e-08,0.00032533991551723706,0.0001633806362579824,True,0.02826364229124761,0.0,1.0,0.0030757474401942363,0.00022363183722371146
18,2016-07-01,2016-08-01,377,20,optimal,True,3,3,4.2240770992130194e-08,0.0004487182200764156,0.00018054448101220794,False,-0.019323367617376463,0.019323367617376463,9.0,0.0019707627483468784,0.0018031538903112599
18,2016-08-01,2016-09-01,377,23,optimal,True,5,5,7.386927947106159e-08,0.0004206989956472108,0.00035308995628384986,False,-0.007464801030672041,0.007464801030672041,7.0,-0.0002535083012533719,5.7739761248396334e-05
18,2016-09-01,2016-10-03,381,21,optimal,True,3,3,5.081426215358675e-07,0.0003768486574871935,0.00020831606527976703,False,-0.03451297527162127,0.03451297527162127,8.0,-0.0007799846304738253,4.10178792989303e-05
18,2016-10-03,2016-11-01,378,21,optimal,True,5,5,2.622739131430407e-08,0.00040517007125263796,0.0002517463793895754,False,-0.007638370145653904,0.007638370145653904,18.0,-0.0007905146001003634,-0.0008238740104406849
18,2016-11-01,2016-12-01,380,21,optimal,True,4,4,2.853479943998316e-07,0.0003119529883169468,0.0001785359785232646,False,-0.045485551488614315,0.045485551488614315,21.0,-0.0004210049529256775,0.0017449736893892906
18,2016-12-01,2017-01-03,381,21,optimal,True,5,5,8.109897775554487e-08,0.0002612392366877001,0.00023957252462128745,False,-0.014119615613961543,0.014119615613961543,7.0,0.0011802971741814753,0.0009682231377090513
18,2017-01-03,2017-02-01,378,20,optimal,True,5,5,1.7852970879417285e-08,0.0004092163105938934,0.0003293766647636533,False,-0.023432220711438842,0.023432220711438842,12.0,0.0002474529222216752,0.0008954876972120218
18,2017-02-01,2017-03-01,378,19,optimal,True,7,7,2.2919372011376282e-07,0.00037536055563807297,0.00033491760920051556,False,-0.0006928647319962879,0.0006928647319962879,2.0,0.002100553973024918,0.0020343503284337046
18,2017-03-01,2017-04-03,376,23,optimal,True,5,5,1.1736325244982027e-09,0.0006307339741451704,0.0005989168584127468,True,0.002144336145414637,0.0,1.0,0.00040492032271615736,6.759111728084416e-05
18,2017-04-03,2017-05-01,376,19,optimal,True,5,5,1.3805005472100618e-09,0.0006519764799373824,0.0006197216211082919,True,0.002074526472379013,0.0,1.0,0.0012369403662444484,0.0005306633019858062
18,2017-05-01,2017-06-01,375,22,optimal,True,7,7,6.78366030015809e-10,0.000540771427890389,0.00047520346960994105,False,-0.006728108402118349,0.006728108402118349,5.0,0.0007027038548532636,0.0006484536824889829
18,2017-06-01,2017-07-03,377,22,optimal,True,6,6,1.4744356180429463e-08,0.0006286084903686835,0.0004993815937474972,False,-0.045914286499167845,0.045914286499167845,13.0,-0.0008859145236127426,0.00029936687300259233
18,2017-07-03,2017-08-01,377,20,optimal,True,6,6,7.541364310803544e-09,0.000630796405218214,0.0005594125837159918,False,-0.005006002186975934,0.005006002186975934,4.0,0.0015062813949748984,0.0010236835959017976
18,2017-08-01,2017-09-01,378,23,optimal,True,8,8,3.8156866555283386e-10,0.0007904333435736302,0.000741563850631335,True,0.001028448507364315,0.0,1.0,0.0007362819148273561,0.00014333835658924374
18,2017-09-01,2017-10-02,381,20,optimal,True,8,8,1.0803417382909686e-08,0.0008270962792172834,0.0007430386094007951,False,-0.019733554691884488,0.019733554691884488,20.0,1.6769499417831683e-05,0.001003447234012056
18,2017-10-02,2017-11-01,378,22,optimal,True,7,7,1.431131768647731e-09,0.0006671050611651615,0.0006101396818337337,False,-0.0057240480231424504,0.0057240480231424504,20.0,0.0011795134810262278,0.0010639771780621093
18,2017-11-01,2017-12-01,380,21,optimal,True,6,6,5.67343305668544e-09,0.0007796754165115234,0.0006750073449354845,False,-0.015524992881868255,0.015524992881868255,21.0,0.0007033610985087282,0.0014426464738357878
18,2017-12-01,2018-01-02,380,20,user_limit,False,7,7,,,0.0007090586338346873,,,,,,0.0006086438099613733
18,2018-01-02,2018-02-01,377,21,infeasible,False,2,2,,,0.0007283681145168441,,,,,,0.0026284323747213603
18,2018-02-01,2018-03-01,379,19,optimal,True,7,7,1.0112584103438849e-09,0.000786839924092223,0.0007805521337741697,True,0.01188809393344447,0.0,1.0,-0.0011376790986808404,-0.0018010833178570113
18,2018-03-01,2018-04-02,375,21,optimal,True,6,6,1.5866226221739055e-08,0.0007693015037358022,0.000694081763073104,True,0.003046203292195751,0.0,7.0,-0.0009769868065023519,-0.0012458539195129821
18,2018-04-02,2018-05-01,375,21,optimal,True,6,6,1.1387238929572163e-08,0.0006487094409550176,0.0006220169423396369,False,-0.0008264749575768865,0.0008264749575768865,18.0,0.0004944305270654004,0.0003009455661419292
18,2018-05-01,2018-06-01,375,22,optimal,True,7,7,3.908267043328806e-10,0.0007371837259590239,0.0006850068386282632,False,-0.001183479193304509,0.001183479193304509,22.0,0.0010588838186770617,0.0011126783274636302
18,2018-06-01,2018-07-02,376,21,optimal,True,7,7,5.045724948971042e-10,0.0008568063876627169,0.0006508298941825093,False,-0.013117297426953,0.013117297426953,6.0,0.00013425629445206898,0.0002868564525563965
18,2018-07-02,2018-08-01,376,21,optimal,True,8,8,8.236607063061285e-09,0.0008269606121452304,0.0006127748399585579,False,-0.0315117228128271,0.0315117228128271,17.0,0.00074960868057598,0.0017471142334079986
18,2018-08-01,2018-09-04,377,23,optimal,True,6,6,1.0258708105226333e-08,0.0007445987080820012,0.000660962824354762,False,-0.0018510546864547242,0.0018510546864547242,1.0,0.0017547673585629393,0.001376255138816934
18,2018-09-04,2018-10-01,378,19,optimal,True,6,6,6.429268228913543e-10,0.0007689127269921536,0.0006186625257194477,False,-0.022258065697745404,0.022258065697745404,10.0,-0.00036050685114881595,0.0003179209494034806
18,2018-10-01,2018-11-01,377,23,optimal,True,8,8,-7.4306273356583574e-09,0.0007216100129849001,0.0006542973450278544,False,-0.011705974212679104,0.011705974212679104,12.0,-0.003150380187106271,-0.0030154460199054434
18,2018-11-01,2018-12-03,381,21,optimal,True,5,5,1.126936521878008e-08,0.00048386448080214633,0.00043892975821508025,False,-0.05056307637170386,0.05056307637170386,21.0,-0.0014655698209710593,0.0009421957205386475
18,2018-12-03,2019-01-02,378,19,infeasible,False,2,2,,,0.000427173763866898,,,,,,-0.004672011787345671
18,2019-01-02,2019-02-01,377,21,optimal,True,3,3,1.785648140462115e-08,0.0003102495311204325,0.00020529992528083493,False,-0.010836729997325323,0.010836729997325323,21.0,0.003221009188151841,0.0037370439499292366
18,2019-02-01,2019-03-01,378,19,optimal,True,4,4,1.6377408318390962e-09,0.0004098636335485663,0.0003582072033369121,False,-0.0140319932013694,0.0140319932013694,19.0,0.0009542629557311707,0.0016927889136979805
18,2019-03-01,2019-04-01,374,21,infeasible,False,2,2,,,0.00043922066850283906,,,,,,0.0008808347182077046
18,2019-04-01,2019-05-01,375,21,optimal,True,5,5,2.092687756416467e-08,0.0005378745456356589,0.0004338589717924866,False,-0.006446298280938942,0.006446298280938942,21.0,0.0016087044947235834,0.0019156710795301996
18,2019-05-01,2019-06-03,374,22,optimal,True,9,9,7.260425816113525e-09,0.0005468514590455196,0.0004799965485961237,True,0.0023882673461302698,0.0,1.0,-0.0022062523926364977,-0.0029500262774369112
18,2019-06-03,2019-07-01,374,20,optimal,True,3,3,5.745790132571926e-08,0.00038420124631607537,0.00023101070642930245,False,-0.020686699585290916,0.020686699585290916,5.0,0.002914609952509766,0.003390472609280426
18,2019-07-01,2019-08-01,375,22,optimal,True,3,3,1.0655406024184799e-07,0.0005120929144791554,0.00037322434961911395,False,-0.005339848743795228,0.005339848743795228,11.0,0.0008343793540911134,0.0006960043188370553
18,2019-08-01,2019-09-03,376,22,optimal,True,1,1,0.004157948244892462,0.0005058497954452604,0.0002661546442883893,True,0.010368583041145338,0.0,1.0,0.0017140368265049536,-0.000665922671120811
18,2019-09-03,2019-10-01,377,20,optimal,True,3,3,2.9165315350299093e-08,0.0007954922090100805,0.00034225481709083104,False,-0.01621520974642042,0.01621520974642042,6.0,0.0006998820195632761,0.0009780478247734038
18,2019-10-01,2019-11-01,378,23,optimal,True,3,3,8.884879151849212e-10,0.000731580304354303,0.0004374823262759271,False,-0.01375307987266749,0.01375307987266749,23.0,0.00038465610657249463,0.000982616101036299
18,2019-11-01,2019-12-02,380,20,optimal,True,3,3,1.302920743517788e-09,0.000736888182574452,0.00047802271780830215,False,-0.05449939737406402,0.05449939737406402,11.0,-0.000572863524469016,0.0017855202828343298
18,2019-12-02,2020-01-02,377,21,optimal,True,4,4,5.492571814036395e-10,0.0006114489160491534,0.00048557676163874615,False,-0.029887299565292416,0.029887299565292416,7.0,0.00016144960075180508,0.001375425567907659
18,2020-01-02,2020-02-03,378,21,optimal,True,3,3,9.72632594464784e-08,0.0006300074596481409,0.0005707409170423758,True,0.005451222296025092,0.0,1.0,0.0016556767673257897,8.880970833154078e-06
18,2020-02-03,2020-03-02,376,19,optimal,True,1,1,0.008401306069038456,0.0007304843688674046,0.0004666492179577194,True,0.008418212850853576,0.0,1.0,-0.00026894755407256817,-0.00421220790116118
18,2020-03-02,2020-04-01,374,22,optimal,True,1,1,0.023552618924629783,0.0007918793373874861,0.00018061858238795295,True,0.04274072141553874,0.0,1.0,0.003491348851230655,-0.004509487575536855
36,2010-05-03,2010-06-01,755,20,optimal,True,1,1,0.02414284233505022,0.0008462244055349899,-4.0578337159863915e-05,True,0.013824550825042654,0.0,1.0,0.0015721037330223484,-0.003938363772959042
36,2010-06-01,2010-07-01,755,22,optimal,True,1,1,0.024142841128564713,0.0009092405765067119,-0.00017833277832626462,True,0.015272168388076851,0.0,1.0,0.0011107861727635583,-0.00228834649804001
36,2010-07-01,2010-08-02,756,21,optimal,True,1,1,0.024142840697379153,0.0009652808306340602,-0.0002263469338565519,False,-0.11830220240260814,0.11830220240260814,21.0,-0.002409149322976449,0.0032242888866715574
36,2010-08-02,2010-09-01,755,22,optimal,True,1,1,0.0241428448237882,0.0008650099548838648,-0.00010287665618656816,True,0.02367311060264585,0.0,1.0,0.002535842507525963,-0.002031195571024022
36,2010-09-01,2010-10-01,755,21,optimal,True,1,1,0.02414284213839757,0.0009259125317330716,-0.00017544616592612,False,-0.039869407786412264,0.039869407786412264,21.0,0.0022401010379406888,0.004138644265865082
36,2010-10-01,2010-11-01,757,21,optimal,True,1,1,0.024143409847590724,0.0008524716181031,-0.00011142132503918718,False,-0.05188754949150022,0.05188754949150022,7.0,0.001789709102392721,0.0018070192985125372
36,2010-11-01,2010-12-01,755,21,optimal,True,1,1,0.02414284594485476,0.0008136139559211941,-8.043697103459731e-05,False,-0.018191314544903303,0.018191314544903303,9.0,0.0010761739912502639,4.194815998126433e-05
36,2010-12-01,2011-01-03,755,22,optimal,True,1,1,0.024143641292229318,0.0008611311679258478,-3.071413029365097e-05,False,-0.054829181534013546,0.054829181534013546,11.0,0.0011341344339954311,0.002959657849793644
36,2011-01-03,2011-02-01,756,20,optimal,True,1,1,0.024143561653471965,0.0007670751964234302,8.039030835505386e-05,False,-0.09621935673880287,0.09621935673880287,19.0,-0.003237369658509054,0.001172044738299688
36,2011-02-01,2011-03-01,756,19,optimal,True,3,3,4.805950380715185e-08,0.0006401960838034888,0.000179518965632187,True,0.012540855469701018,0.0,1.0,0.0029009573795885585,0.0018245429970625837
36,2011-03-01,2011-04-01,755,23,optimal,True,3,3,4.890218391340184e-08,0.0006756032764365596,0.0002586765280279684,True,0.0038151038604530615,0.0,1.0,0.0003206676622731607,5.589217967855889e-05
36,2011-04-01,2011-05-02,758,20,optimal,True,3,3,1.0360781223239801e-07,0.0007103731951363971,0.0002673870350541692,True,0.005604492044506014,0.0,1.0,0.0038793602522605207,0.0014432273272083295
36,2011-05-02,2011-06-01,755,21,optimal,True,1,1,0.024142876086225645,0.0008974972561003064,0.00021583847762723083,False,-0.026121074717736975,0.026121074717736975,4.0,-0.0008111038145511349,-0.0005150871885669861
36,2011-06-01,2011-07-01,756,22,optimal,True,1,1,0.024143334555119925,0.0008176056696024551,0.00020757387673311364,False,-0.008254582239836473,0.008254582239836473,22.0,-0.0010963916556952524,-0.0007211833720663211
36,2011-07-01,2011-08-01,757,20,optimal,True,3,3,5.6334566178595225e-09,0.000768225642260469,0.0002995141575442171,True,0.009611549606808722,0.0,1.0,0.003120483950729994,-0.0009637835223739899
36,2011-08-01,2011-09-01,755,23,optimal,True,1,1,0.024142974055334887,0.0008499658068092223,0.00028407099770648436,True,0.02763515120139927,0.0,1.0,0.005247766016459447,-0.002050605575650293
36,2011-09-01,2011-10-03,757,21,optimal,True,1,1,0.024142833847801623,0.0011319407811237255,0.00019873190824151214,False,-0.05257236283188024,0.05257236283188024,14.0,-0.005356086767976929,-0.003260556775519465
36,2011-10-03,2011-11-01,755,21,optimal,True,1,1,0.02414288144212398,0.0009581874561683924,0.0002741765580642462,False,-0.04827497748060215,0.04827497748060215,21.0,0.002804225268575167,0.005103033720032412
36,2011-11-01,2011-12-01,755,21,optimal,True,1,1,0.03055270512074726,0.00121396241934324,0.0005618535847543502,True,0.011197002655321465,0.0,1.0,0.0008774673141829561,-1.6714796181800068e-05
36,2011-12-01,2012-01-03,757,21,optimal,True,3,3,1.6358487758827422e-09,0.0011456213229203151,0.0006312065067964378,False,-0.08665753244154252,0.08665753244154252,21.0,-0.0035645517328633516,0.0005619974310196266
36,2012-01-03,2012-02-01,755,20,optimal,True,6,6,2.359430246734462e-07,0.001000568406532245,0.0005837630290531737,False,-0.0013166371447914,0.0013166371447914,5.0,0.004316949178133912,0.002283442469827618
36,2012-02-01,2012-03-01,756,20,optimal,True,4,4,9.758897689948753e-09,0.0011681201512004943,0.0007888508612768937,False,-0.03992279026702074,0.03992279026702074,20.0,0.00014370748170378645,0.0021398469950548228
36,2012-03-01,2012-04-02,757,22,optimal,True,5,5,6.622557080504521e-08,0.0012969648635809158,0.0009884179136503146,True,0.0036919003031853793,0.0,1.0,0.0016683518225746132,0.0014645785464001617
36,2012-04-02,2012-05-01,756,20,optimal,True,5,5,2.13334185872327e-08,0.0012623197562708199,0.0008882474726084312,True,0.004548466615179943,0.0,1.0,0.000590008687858729,-0.000295717403531337
36,2012-05-01,2012-06-01,756,22,optimal,True,4,4,9.52507273055403e-09,0.0010993337792245968,0.0007759031146178688,True,0.0030292158520555928,0.0,1.0,-0.002518415849145073,-0.002779423841225764
36,2012-06-01,2012-07-02,758,21,optimal,True,3,3,3.8246853817369697e-07,0.00102659457415472,0.0006143692503418269,False,-0.005360491939481231,0.005360491939481231,21.0,0.0017215571749390876,0.0019768186958667657
36,2012-07-02,2012-08-01,756,21,optimal,True,5,5,1.341135114074632e-07,0.0010947921481647314,0.0006641178083937543,True,0.0017840199565686311,0.0,1.0,0.001166397975418572,0.0005974389976522364
36,2012-08-01,2012-09-04,756,23,optimal,True,3,3,1.0433948816057637e-08,0.001044192718580105,0.0005886755147589522,False,-0.027995783408067052,0.027995783408067052,23.0,-0.00012577661578706776,0.0010914313584767172
36,2012-09-04,2012-10-01,755,19,optimal,True,5,5,7.588676353975643e-09,0.0009547514750507066,0.0005964260251919783,False,-0.03275452282905266,0.03275452282905266,19.0,-0.0003801351576046923,0.0013437870965559734
36,2012-10-01,2012-11-01,756,21,optimal,True,3,3,1.3886748284619443e-07,0.0008441776545324583,0.0005588834582747076,True,0.0017680757962252464,0.0,21.0,-0.0007682610393026109,-0.0008524551248371466
36,2012-11-01,2012-12-03,755,21,optimal,True,5,5,2.598992265845368e-07,0.0008444373769537187,0.0005591230474143896,False,-0.008493636099048636,0.008493636099048636,21.0,-9.157015094063946e-05,0.0003128887109188191
36,2012-12-03,2013-01-02,754,20,optimal,True,4,4,1.8188466691104743e-08,0.0007372743071886513,0.0004722003554959835,True,0.0046783435265846515,0.0,1.0,0.0012807121129866546,0.00047004105043372266
36,2013-01-02,2013-02-01,754,21,optimal,True,5,5,3.757589640829284e-08,0.0007395898936417982,0.00047477164119645723,False,-0.024922930986840196,0.024922930986840196,21.0,0.001212011830750152,0.0023988180682187332
36,2013-02-01,2013-03-01,756,19,optimal,True,5,5,1.818668876607532e-08,0.0008263159012859752,0.0005877468351396769,False,-0.003281638575485026,0.003281638575485026,19.0,0.0005285390980318493,0.0007012569177942188
36,2013-03-01,2013-04-01,756,20,optimal,True,4,4,1.9748949836584373e-09,0.0007782405675850217,0.0005632507739977079,False,-0.014930325207986265,0.014930325207986265,20.0,0.0011295441040966498,0.0018760603644959629
36,2013-04-01,2013-05-01,753,22,optimal,True,4,4,7.999887377541093e-09,0.0007098008321379925,0.0005364093923356531,True,0.007867275852851012,0.0,1.0,0.0028402158792333837,0.0009034216335468162
36,2013-05-01,2013-06-03,754,22,optimal,True,4,4,1.7829665244217807e-09,0.0007041279273334608,0.0005404874709129155,False,-0.08585406966100426,0.08585406966100426,22.0,-0.002820103372341179,0.00108235433952265
36,2013-06-03,2013-07-01,754,20,optimal,True,4,4,1.6748337339222985e-07,0.0007064102550666762,0.0006643115096303861,False,-0.010881370349177376,0.010881370349177376,19.0,-0.0011034210926857092,-0.0006145281688274939
36,2013-07-01,2013-08-01,754,22,optimal,True,6,6,9.546439194707546e-08,0.0007580678024471143,0.000727002232861204,False,-0.00896003438507971,0.00896003438507971,21.0,0.002195519314796404,0.00230224305919727
36,2013-08-01,2013-09-03,755,22,optimal,True,3,3,7.072472518743211e-08,0.0007363455771923539,0.0007034423367676622,False,-0.004562332044427006,0.004562332044427006,2.0,-0.0001833598166549138,-0.0013626858824703492
36,2013-09-03,2013-10-01,753,20,optimal,True,3,3,1.5843185474651023e-07,0.0007415479238039971,0.0006727519580422042,True,0.003969834705143236,0.0,1.0,0.0022261148951501653,0.0015726893853157287
36,2013-10-01,2013-11-01,754,23,optimal,True,6,6,1.8360979403553301e-09,0.0006963049101531547,0.0006503294900940499,False,-0.00890405232324877,0.00890405232324877,14.0,0.0019209744153345142,0.0019990074775686918
36,2013-11-01,2013-12-02,756,20,optimal,True,5,5,2.3432102036480273e-08,0.0006842789432210275,0.0006592304262516274,False,-0.00922441970334039,0.00922441970334039,4.0,0.001544645135822657,0.0014761464060700392
36,2013-12-02,2014-01-02,754,21,optimal,True,3,3,2.4062288606074844e-08,0.0007045420394467104,0.0006707588558480123,False,-0.001246104165339908,0.001246104165339908,1.0,0.0012209305570642648,0.0012374351191627283
36,2014-01-02,2014-02-03,754,21,optimal,True,3,3,1.9882427304551697e-07,0.0007104724624847291,0.0006470741164654929,True,0.0018995968043106076,0.0,13.0,-0.000610470576411651,-0.0016771713400557861
36,2014-02-03,2014-03-03,753,19,optimal,True,3,3,4.494658609743851e-07,0.0006418092432329628,0.0005513090673390531,False,-0.0017599830763073906,0.0017599830763073906,7.0,0.0025224802022211384,0.0023746225461099835
36,2014-03-03,2014-04-01,753,21,optimal,True,3,3,8.790250660695165e-08,0.0006998994345037132,0.0006032115800212717,False,-0.033422464173551145,0.033422464173551145,21.0,-0.0011789010451127226,0.00041264486791352316
36,2014-04-01,2014-05-01,753,21,optimal,True,3,3,1.4012464921719925e-07,0.000654516744829159,0.0005937103910136708,False,-0.038369537853243804,0.038369537853243804,11.0,9.54833475481924e-06,0.0003620663566586228
36,2014-05-01,2014-06-02,754,21,optimal,True,3,3,1.5189122626324547e-07,0.0006142164971700143,0.0005647251609800512,False,-0.0028119834684496754,0.0028119834684496754,1.0,0.0020575103031193302,0.0011052766170140526
36,2014-06-02,2014-07-01,753,21,optimal,True,3,3,1.35662151290461e-07,0.000707664897102709,0.000640493235998929,False,-0.0005000068145298428,0.0005000068145298428,1.0,0.00134394499542427,0.0009795803297744416
36,2014-07-01,2014-08-01,753,22,optimal,True,3,3,1.908358542301869e-07,0.0007468973582002959,0.0006590539606997115,False,-0.002810171217651612,0.002810171217651612,3.0,0.0005481965215918646,-0.0005944721810508889
36,2014-08-01,2014-09-02,755,21,optimal,True,3,3,1.1800969668129824e-07,0.0007334570122905103,0.0006655164435380702,True,0.002914759271938379,0.0,1.0,0.0023296155399773677,0.001856066881722219
36,2014-09-02,2014-10-01,752,21,optimal,True,3,3,1.9783352733782067e-09,0.000847891697975947,0.0007966479518600521,False,-0.009001576216108649,0.009001576216108649,6.0,-0.0003889222569777366,-0.0006449115139960224
36,2014-10-01,2014-11-03,753,23,infeasible,False,2,2,,,0.0008546278859486835,,,,,,0.001074469754789309
36,2014-11-03,2014-12-01,753,19,optimal,True,4,4,1.9709348153540418e-08,0.0007806464470696736,0.0007605058344706531,False,-0.0028196387589189027,0.0028196387589189027,3.0,0.0022119871266776427,0.0014308612866407926
36,2014-12-01,2015-01-02,753,22,optimal,True,4,4,-3.633550647863526e-10,0.0008367195753868669,0.000781701553153818,False,-0.011047207398455983,0.011047207398455983,22.0,-0.0005726398387216994,-7.049404788279039e-05
36,2015-01-02,2015-02-02,754,20,optimal,True,5,5,-3.785048004190106e-10,0.0008134653327731849,0.0007629555098408375,False,-0.002807614091259056,0.002807614091259056,1.0,-3.7021130692569367e-05,-0.0014493283185591898
36,2015-02-02,2015-03-02,753,19,optimal,True,5,5,7.521509803876114e-11,0.0007097462156939251,0.0006531950911317214,False,-0.007374716610099329,0.007374716610099329,19.0,0.002510515291896523,0.0028986582713754353
36,2015-03-02,2015-04-01,752,22,optimal,True,5,5,-1.7882993696982652e-11,0.0007115100309433216,0.0006751452551322658,False,-0.004872647140629724,0.004872647140629724,4.0,-0.000714391810786223,-0.0006814353323942262
36,2015-04-01,2015-05-01,753,21,optimal,True,5,5,1.495631500592065e-09,0.0006427740123703344,0.0006184306780528759,False,-0.013686881312819334,0.013686881312819334,17.0,0.00034079433251526,0.00047982607578318196
36,2015-05-01,2015-06-01,754,20,optimal,True,5,5,-7.76119793433061e-12,0.0006548281999940294,0.0006388182973950784,False,-0.0067955429615190605,0.0067955429615190605,14.0,0.0008188216318299786,0.0006605493717652567
36,2015-06-01,2015-07-01,752,22,optimal,True,6,6,-3.184780144466215e-09,0.0007486442345123467,0.0007393980161943631,False,-0.009755860446324267,0.009755860446324267,19.0,-0.0012733288867312824,-0.0009088309585480206
36,2015-07-01,2015-08-03,753,22,optimal,True,3,3,4.040134546356988e-11,0.0006598040860574426,0.0006567328479108931,True,0.002472612284053363,0.0,4.0,0.00206686323299747,0.0010415907512319365
36,2015-08-03,2015-09-01,752,21,optimal,True,4,4,-2.9395217857053346e-10,0.0007081258860109506,0.0006817346787172573,False,-0.0012102179619943032,0.0012102179619943032,6.0,-0.002724251024422724,-0.002854344106912263
36,2015-09-01,2015-10-01,752,21,optimal,True,5,5,1.4924350089096095e-09,0.0005849676119893945,0.0005583038092595561,True,0.00339470906235979,0.0,1.0,-0.0007659225276891932,-0.0011340514364232795
36,2015-10-01,2015-11-02,754,22,optimal,True,4,4,1.3853992952839178e-10,0.0005625986565086623,0.0004913759012781615,True,0.0006790145307926697,0.0,1.0,0.004341776147345361,0.003747441648161068
36,2015-11-02,2015-12-01,754,20,optimal,True,5,5,5.423125837289433e-09,0.0007370287580188425,0.0006105731948907623,False,-0.0026974289727013934,0.0026974289727013934,1.0,0.00024875342879822576,0.00021002106378395502
36,2015-12-01,2016-01-04,754,22,optimal,True,5,5,4.995603763990886e-09,0.0007402241365418703,0.0006213162623226012,False,-0.001996243640112097,0.001996243640112097,7.0,-0.0005869740156361946,-0.0007293460005484294
36,2016-01-04,2016-02-01,754,19,optimal,True,5,5,1.6861805840484578e-09,0.000704539113306705,0.0005565722571745055,False,-0.02249189067574546,0.02249189067574546,5.0,-0.002826277646021119,-0.0025757326084041984
36,2016-02-01,2016-03-01,754,20,optimal,True,5,5,1.2135830562698402e-08,0.0006218317226383885,0.00045585136575361827,False,-0.01046906027292661,0.01046906027292661,1.0,-0.0003581447296475331,2.5510377924714555e-05
36,2016-03-01,2016-04-01,755,22,optimal,True,5,5,1.5253776575185896e-09,0.0005971720941684635,0.00043827583562732755,False,-0.014316692931651144,0.014316692931651144,18.0,0.002553361746412215,0.0029873552285115327
36,2016-04-01,2016-05-02,757,21,optimal,True,5,5,5.0079244306999726e-08,0.0006373470530648446,0.00047437102197617805,False,-0.03474280996339264,0.03474280996339264,19.0,-0.001313860587815198,0.00020712127031298158
36,2016-05-02,2016-06-01,755,21,optimal,True,5,5,9.614474216768087e-10,0.000563327824152813,0.0004666763671167182,False,-0.0007657548028663485,0.0007657548028663485,1.0,0.0017883238314008365,0.0008264802937549778
36,2016-06-01,2016-07-01,755,22,optimal,True,5,5,1.355709489114787e-09,0.0005867352889983061,0.00044651314579319956,False,-0.011377699504949539,0.011377699504949539,21.0,-0.0002708972048415916,0.00022363183722371146
36,2016-07-01,2016-08-01,757,20,optimal,True,5,5,9.640192477622378e-08,0.0006114105481478006,0.00046806854540203065,True,0.00412945769028933,0.0,1.0,0.00308129716969801,0.0018031538903112599
36,2016-08-01,2016-09-01,755,23,optimal,True,6,6,1.0409457301685521e-07,0.0006310108448725368,0.0004499888998320827,False,-0.0027122935869972817,0.0027122935869972817,4.0,0.0003179321815559938,5.7739761248396334e-05
36,2016-09-01,2016-10-03,756,21,optimal,True,7,7,5.293786298210534e-09,0.0006546608261715713,0.0004908051895453482,False,-0.007130408649310888,0.007130408649310888,4.0,0.0003690038496644304,4.10178792989303e-05
36,2016-10-03,2016-11-01,755,21,optimal,True,5,5,4.60023070192328e-08,0.0006046508182961731,0.0004417019753983449,False,-0.007816656702813257,0.007816656702813257,19.0,-0.0009170782876688983,-0.0008238740104406849
36,2016-11-01,2016-12-01,755,21,optimal,True,5,5,3.996595393518376e-08,0.000531828065395259,0.0003671228938435919,False,-0.045965111687397225,0.045965111687397225,21.0,-0.00044384115286772027,0.0017449736893892906
36,2016-12-01,2017-01-03,756,21,optimal,True,6,6,1.1752950335175427e-08,0.0004953082441184679,0.0003760572806979977,False,-0.014328435275580718,0.014328435275580718,4.0,0.0011683732943059259,0.0009682231377090513
36,2017-01-03,2017-02-01,755,20,optimal,True,5,5,1.2092053403023328e-07,0.0005179591428639964,0.0003817609077623569,False,-0.008749234896773747,0.008749234896773747,6.0,0.0008066394116248508,0.0008954876972120218
36,2017-02-01,2017-03-01,755,19,optimal,True,6,6,2.3129822501744e-09,0.0005364583459856557,0.0004394386816987695,False,-0.0005227404877423516,0.0005227404877423516,1.0,0.0020492268752793554,0.0020343503284337046
36,2017-03-01,2017-04-03,755,23,optimal,True,7,7,2.1087437906963657e-09,0.0005257640831756749,0.00043087553979698234,True,0.001839673644654087,0.0,1.0,0.0005224129037230352,6.759111728084416e-05
36,2017-04-03,2017-05-01,755,19,optimal,True,4,4,2.3054191333748975e-08,0.0005544962444508748,0.00040824235950262663,True,0.003667640392532153,0.0,1.0,0.0013252507784233807,0.0005306633019858062
36,2017-05-01,2017-06-01,755,22,optimal,True,4,4,2.1732228794313357e-09,0.0006075804776159962,0.00042474078843165075,False,-0.0016351980296142182,0.0016351980296142182,2.0,0.0016145443945738281,0.0006484536824889829
36,2017-06-01,2017-07-03,756,22,optimal,True,4,4,9.194524031030937e-10,0.0005976552853725814,0.0004123471789991519,False,-0.04641755420654525,0.04641755420654525,14.0,-0.0007836805672008979,0.00029936687300259233
36,2017-07-03,2017-08-01,755,20,optimal,True,4,4,6.418653641926397e-08,0.0005305640923309494,0.0003841608094389594,False,-0.018996239159554423,0.018996239159554423,5.0,0.0016132111428809749,0.0010236835959017976
36,2017-08-01,2017-09-01,755,23,optimal,True,4,4,2.0249478760447914e-09,0.0005663025077469364,0.000438809816563322,False,-0.0022426471172955,0.0022426471172955,12.0,0.0010239932950986753,0.00014333835658924374
36,2017-09-01,2017-10-02,757,20,optimal,True,4,4,3.50069535026698e-08,0.0005316157650513605,0.00039051623406960917,False,-0.027051486033925452,0.027051486033925452,16.0,-0.00030896492887819865,0.001003447234012056
36,2017-10-02,2017-11-01,755,22,optimal,True,5,5,1.0920653270574121e-09,0.0005507184607602297,0.00045402010992702047,False,-0.0050754204756271615,0.0050754204756271615,20.0,0.0015662774830526088,0.0010639771780621093
36,2017-11-01,2017-12-01,755,21,optimal,True,4,4,2.4952611032968974e-08,0.0005491907963628103,0.000434341151287502,False,-0.01471908755209269,0.01471908755209269,9.0,0.0008462198616954448,0.0014426464738357878
36,2017-12-01,2018-01-02,757,20,optimal,True,5,5,2.8212627234402987e-08,0.0005161912739405757,0.0004373008992423256,False,-0.009306915189379567,0.009306915189379567,6.0,0.00042834474558276707,0.0006086438099613733
36,2018-01-02,2018-02-01,755,21,optimal,True,5,5,2.6745200276678815e-08,0.0005439582404153384,0.0004566364582504495,False,-0.0008114685605209379,0.0008114685605209379,8.0,0.0033028316155565736,0.0026284323747213603
36,2018-02-01,2018-03-01,756,19,optimal,True,5,5,4.28918740524864e-08,0.0006306381024170941,0.0005673864711897113,True,0.007718048756724688,0.0,1.0,-0.0006317948503883481,-0.0018010833178570113
36,2018-03-01,2018-04-02,756,21,optimal,True,5,5,7.814508595771485e-09,0.000558382429214908,0.00044927127251852543,False,-0.016255523095332347,0.016255523095332347,7.0,-0.0014120996768915615,-0.0012458539195129821
36,2018-04-02,2018-05-01,754,21,optimal,True,6,6,3.956821692518986e-08,0.0005453375496174072,0.0004403368714009993,False,-0.016841226805560154,0.016841226805560154,17.0,0.0001773401278689204,0.0003009455661419292
36,2018-05-01,2018-06-01,755,22,optimal,True,7,7,2.2644639496860464e-09,0.0005287629183971922,0.0004300943527476017,False,-0.0005392754338935848,0.0005392754338935848,1.0,0.0019310405585823184,0.0011126783274636302
36,2018-06-01,2018-07-02,757,21,optimal,True,7,7,2.5191198016472072e-08,0.0005671483085399942,0.0004438430278643778,False,-0.01186024938540712,0.01186024938540712,10.0,0.0004207265816497396,0.0002868564525563965
36,2018-07-02,2018-08-01,755,21,optimal,True,3,3,2.0652859422654046e-08,0.0006103914517326101,0.00046886372539538224,False,-0.03150778470521218,0.03150778470521218,12.0,0.0009789704976017448,0.0017471142334079986
36,2018-08-01,2018-09-04,755,23,optimal,True,5,5,1.960068329864839e-09,0.0005794752488628215,0.000497724292794093,False,-0.003255938468234472,0.003255938468234472,1.0,0.0019347911886001365,0.001376255138816934
36,2018-09-04,2018-10-01,754,19,optimal,True,3,3,2.3977011487374966e-09,0.0007152144371551999,0.000633325072236794,False,-0.02744930785876168,0.02744930785876168,10.0,-0.00040797743039720297,0.0003179209494034806
36,2018-10-01,2018-11-01,755,23,optimal,True,8,8,1.7699600451948072e-08,0.0006961172114718429,0.0006585861108623075,False,-0.024108829378777036,0.024108829378777036,10.0,-0.003050047975156983,-0.0030154460199054434
36,2018-11-01,2018-12-03,756,21,optimal,True,7,7,5.447256978818871e-08,0.0004880771611252426,0.0004569226706133247,False,-0.026751705974814285,0.026751705974814285,16.0,6.370601381076128e-05,0.0009421957205386475
36,2018-12-03,2019-01-02,755,19,optimal,True,4,4,1.655855896842695e-08,0.0005007742263214749,0.0004790575937605511,True,0.006394259065686712,0.0,1.0,-0.0025313814613538667,-0.004672011787345671
36,2019-01-02,2019-02-01,754,21,optimal,True,3,3,8.97461438498226e-09,0.00045331929360313956,0.0003823562544984134,False,-0.009631192984911947,0.009631192984911947,15.0,0.0034584639893206707,0.0037370439499292366
36,2019-02-01,2019-03-01,756,19,optimal,True,8,8,1.439615759935009e-09,0.0005882323052818241,0.0005498855269841235,False,-0.009345738650844197,0.009345738650844197,19.0,0.0012009079320746015,0.0016927889136979805
36,2019-03-01,2019-04-01,755,21,optimal,True,7,7,2.0157098878925694e-08,0.0006146886983427989,0.0005925380664924036,True,0.002224969730035154,0.0,1.0,0.0011811300206301155,0.0008808347182077046
36,2019-04-01,2019-05-01,754,21,optimal,True,8,8,1.5968968813950823e-08,0.0005856443318412424,0.0005306922470250302,False,-0.0025378241346909747,0.0025378241346909747,21.0,0.0017948223112115812,0.0019156710795301996
36,2019-05-01,2019-06-03,754,22,optimal,True,7,7,5.81452406223093e-08,0.0006526680092637184,0.000578277851791027,True,0.000154160067899152,0.0,1.0,-0.002539633101562898,-0.0029500262774369112
36,2019-06-03,2019-07-01,753,20,optimal,True,6,6,2.2220231876701746e-08,0.000538127924456058,0.00046304388288150185,False,-0.01951516797459526,0.01951516797459526,5.0,0.0028830348816071176,0.003390472609280426
36,2019-07-01,2019-08-01,753,22,optimal,True,4,4,6.616400760606211e-10,0.0006188627439088811,0.0005533258801389836,False,-0.0038931409029967223,0.0038931409029967223,10.0,0.0007814930893761447,0.0006960043188370553
36,2019-08-01,2019-09-03,755,22,optimal,True,5,5,2.6304027178625233e-08,0.0005696716134911765,0.0005243753707984698,True,0.005588442552626194,0.0,1.0,-2.729117872618132e-05,-0.000665922671120811
36,2019-09-03,2019-10-01,752,20,optimal,True,4,4,1.3034134660472319e-08,0.0005769843514146657,0.0004991637876856519,False,-0.01964096655267683,0.01964096655267683,20.0,-4.000502860437589e-06,0.0009780478247734038
36,2019-10-01,2019-11-01,753,23,optimal,True,4,4,1.3906785722994641e-08,0.0005562223788415755,0.0005293820354710017,True,0.005538783784723798,0.0,23.0,0.001223432787328638,0.000982616101036299
36,2019-11-01,2019-12-02,755,20,optimal,True,5,5,1.1499923235902543e-09,0.0006265266677923124,0.0005808294003347729,False,-0.008765627105245241,0.008765627105245241,20.0,0.0013472389275720677,0.0017855202828343298
36,2019-12-02,2020-01-02,753,21,optimal,True,4,4,4.755572602377356e-09,0.0007231773038493114,0.000586012961723513,False,-0.008724610242849522,0.008724610242849522,21.0,0.0009599679372957766,0.001375425567907659
36,2020-01-02,2020-02-03,754,21,optimal,True,5,5,3.3626395001817855e-09,0.0007249459629805997,0.0005917021305920899,True,0.005967230169837131,0.0,1.0,0.0018093358355343043,8.880970833154078e-06
36,2020-02-03,2020-03-02,753,19,optimal,True,3,3,3.653687108418069e-08,0.0007230532854506322,0.0005675508766841261,True,0.010232060487894497,0.0,1.0,-0.0014646114805239164,-0.00421220790116118
36,2020-03-02,2020-04-01,754,22,optimal,True,3,3,4.377135320865477e-09,0.0006388821435984127,0.00039222546570743806,True,0.033743638922326236,0.0,1.0,-0.0006263860612174993,-0.004509487575536855
