,Final Wealth,CAGR,Annualized Volatility,Sharpe Ratio,Maximum Drawdown,Daily 95% VaR,Daily 95% CVaR
SPY,2.105214655865259,0.10081835548763252,0.17869997191286985,0.6274301902240185,-0.3371726396316137,0.016521838508609152,0.027777014551889318
QQQ,2.8038458046559445,0.14228566309457058,0.20046315790954342,0.7644626402386517,-0.28559369635290954,0.01920298446138877,0.030790547700165143
GMV,1.4909908379594945,0.05289210141740264,0.04426442610431088,1.1866502381850494,-0.09819024222253647,0.0038558657347809787,0.006425798743587031
MV_gamma_5,1.8585916562162177,0.0832617717281745,0.10659155550649772,0.8038471010795335,-0.14098689934931952,0.010682645975604532,0.016933095328356566
MV_gamma_50,1.581101856572681,0.06089459925491347,0.04532988099202346,1.3268803384624586,-0.0841456179824116,0.0040414158631641595,0.006620884444269492
Minimum_CVaR,1.5233377722003882,0.055812034314529635,0.04525944364609506,1.2227485791909998,-0.09943435471203577,0.0039081568747700995,0.0065525915687196495
Mean_CVaR_lambda_0.01,2.6035068395337415,0.13141121773876008,0.16393494987748639,0.8355508499825499,-0.22288588792398478,0.01702104005441625,0.026240575867249188
Mean_CVaR_lambda_0.1,1.618417731793791,0.06409263155538492,0.04754284263346336,1.3306077948073622,-0.09248327956034574,0.004353965093965838,0.006967714127838027
Exact_SSD_9M,1.1090406723735668,0.013443809058800271,0.14620186724439985,0.16452453837302689,-0.281812588172653,0.0152667540102556,0.021691258073327106
Exact_SSD_12M,1.1993627987774966,0.02373410284591082,0.15743664569510013,0.2278059914986302,-0.2790164489868908,0.016420735804941796,0.023669343625348113
Exact_SSD_18M,1.3110436910065395,0.03556272197884458,0.1570338272331866,0.3011340716041865,-0.3633879799310856,0.0159488399246461,0.023985662333306897
Exact_SSD_36M,2.653074739568833,0.1341679037421455,0.15414954415437201,0.8942672133017104,-0.19323203715104953,0.015220374791200975,0.024399877759155097
Relaxed_SSD_9M,1.5400869151402836,0.05730280565146484,0.1162818326228922,0.5374716594922273,-0.13054406680728603,0.011776463041446373,0.018053716805696597
Relaxed_SSD_12M,1.2505313280818968,0.029267672113941323,0.12554644837473644,0.29266442260981523,-0.1687051289571344,0.01337887911898574,0.020018915223149306
Relaxed_SSD_18M,1.688513652890633,0.06993015833307559,0.12338377458333763,0.6096295508659426,-0.1552940930345138,0.012551340074682225,0.01889447771045482
Relaxed_SSD_36M,1.8204483753586624,0.08036722925741957,0.1346804685231116,0.6414344405668959,-0.16507618798355617,0.014093484280766974,0.020380023083746434
