Date,SPY,QQQ,IWM,EFA,EEM,IEF,TLT,LQD,HYG,GLD,DBC,VNQ
2010-04-12,5.525908950612488e-05,0.08381702034091995,0.012729914415183502,5.587050465341217e-06,5.722919894407082e-06,0.7428037306437227,3.5856139642674158e-06,0.005075068111306593,0.08110315348495041,0.038078210960739614,0.03630925520426533,1.3492165081421964e-05
2010-05-03,6.639573164046333e-05,0.08485945458502493,0.01216757875834904,5.801829458956445e-06,5.915947855387163e-06,0.7419225587135002,3.6825155636062047e-06,0.005622455780779904,0.08104525683008655,0.038085522234085414,0.036201673762320905,1.3703311334499541e-05
2010-06-01,6.26459276969776e-05,0.08435534513921465,0.01251034978244528,5.3751323923283085e-06,5.581912246910224e-06,0.7399565430087813,4.0911785446973885e-06,0.009111385918899007,0.07925971966186406,0.03752278355506002,0.037193438207867906,1.2740574986670008e-05
2010-07-01,7.825027536457937e-05,0.082353912869861,0.016214857944792205,5.376264117042069e-06,5.4850084018987785e-06,0.7391981801969008,3.703624079163827e-06,0.010840387716406935,0.07718340002802984,0.03757459949075947,0.03652913734957506,1.2709231711837915e-05
2010-08-02,7.093955044132901e-05,0.08064923254101895,0.017364677590682956,5.287325901403751e-06,5.298085629457117e-06,0.7395790929141589,3.532102393221408e-06,0.010782119437000694,0.07871200883899658,0.03784376190862938,0.03497180291997776,1.224678516927266e-05
2010-09-01,6.503464801629653e-05,0.08298191753088673,0.01643443541981356,5.386440188782264e-06,5.2248608421627605e-06,0.7386731283320878,3.7373240117647998e-06,0.00960523506468499,0.07840233262588997,0.037465400490885044,0.03634647855458728,1.1688708105729728e-05
2010-10-01,8.22821242401176e-05,0.08212556789731656,0.0163416047729931,6.932187937021422e-06,6.716652181646623e-06,0.7407364511626815,4.766180715333419e-06,0.0052414148755000065,0.08257486558807986,0.035457467266736424,0.037407172523903964,1.4758767714447722e-05
2010-11-01,8.420198983472223e-05,0.08760084382627513,0.011370680192546499,7.769602110667892e-06,7.659539574723815e-06,0.7416115362578942,5.624291800170973e-06,0.004357277053974021,0.08386796344476484,0.03441057613494597,0.03665833517699635,1.7532489282549885e-05
2010-12-01,0.00010566037855050766,0.09117005969909978,0.005367435013558354,1.0399716976096259e-05,9.526346235865955e-06,0.7424038289520299,7.890185175233844e-06,0.0038410477331060158,0.08823829111152369,0.03174021194471574,0.0370815833613293,2.4065557699409973e-05
2011-01-03,9.917522709354468e-05,0.08983978768673917,0.0034894937691329346,1.0869761369396215e-05,9.15912871378802e-06,0.7383905151965385,8.31840660651893e-06,0.0046110321932568395,0.09232314505261965,0.03147878865681439,0.03971603767170437,2.3677249410950623e-05
2011-02-01,8.203248401234e-05,0.08896219797983147,0.003165107794668785,1.0169856177521746e-05,8.710967299994408e-06,0.7392517603709156,7.924078926362859e-06,0.0038707847785876804,0.09169563456561164,0.02979105612107832,0.04313357900288866,2.104200000160352e-05
2011-03-01,5.95112481873296e-05,0.09307018724644656,0.0005477955726777836,9.196136782276291e-06,7.778215127362824e-06,0.7399985476135885,7.80856622609042e-06,0.0055636471357499466,0.08923202550751742,0.030030351655250906,0.04145728049211738,1.587061032841795e-05
2011-04-01,5.209916594586963e-05,0.09161911071873372,0.00023624887694846788,8.492438366022922e-06,6.765573280542378e-06,0.7432574454368496,6.631009464217614e-06,0.004793432124908741,0.08999921662166893,0.028822142143829,0.041184971504529815,1.3444385475177974e-05
2011-05-02,4.186367916045613e-05,0.09094081593979357,0.00015322364977253885,7.4729262263713275e-06,5.8281879107469e-06,0.7419376842509353,5.734926441695888e-06,0.0053908681795693195,0.08982672779841291,0.030861228762578703,0.0408180184609639,1.0533238234775995e-05
2011-06-01,3.3601026569886915e-05,0.09013409728024825,9.494734838642405e-05,6.171743103154966e-06,4.818537713641057e-06,0.7386168445148028,5.012398583166061e-06,0.008525759411323322,0.08909013436286141,0.03449726700740731,0.038982168949398724,9.177419601876638e-06
2011-07-01,3.103728724283362e-05,0.08725318256445162,0.00010725160490836323,6.3474908177755855e-06,4.791141710866067e-06,0.7360019811779045,4.853230446432635e-06,0.008320921420735474,0.08868799399363525,0.03728152317048234,0.042291107123207106,9.009794457368816e-06
2011-08-01,2.1735646775094803e-05,0.08401503652654807,3.969777756179042e-05,4.908466819578308e-06,3.601533654997395e-06,0.7357638545530055,3.539097003045772e-06,0.008570482507597682,0.08936580058490692,0.03718673133467987,0.04501918359511464,5.428376332748833e-06
2011-09-01,3.135815076309061e-05,0.08243907468425825,3.54661890578812e-05,6.623267346897911e-06,4.754852623618685e-06,0.7398709656146077,4.251291552692285e-06,0.003864383207728311,0.09236486133253989,0.03097184953831011,0.05040063381976382,5.778051447507129e-06
2011-10-03,1.7789463675615568e-05,0.08246925391145955,2.0925837362185335e-05,5.100218114005165e-06,3.496926160446842e-06,0.7361184597146971,3.4294379441246525e-06,0.007971158648424225,0.09816243591515794,0.026503713780865596,0.048720289144510376,3.9470016286862585e-06
2011-11-01,0.0021004821668700836,0.06880030531020331,3.7029049582325666e-05,4.851180819424029e-05,2.647256719216672e-05,0.6014291118633357,1.2732858474732117e-05,0.12308434998302899,0.140261871572678,0.019483478942971224,0.04470288848940357,1.2765388065670128e-05
2011-12-01,0.011490611692130353,0.06748203811908582,1.081395839741982e-05,1.5611365916904927e-05,8.89532848858013e-06,0.6426180898796665,1.699170607750173e-06,0.06440065975698171,0.1459444162124863,0.021620324854753875,0.046402961065891056,3.878595593670631e-06
2012-01-03,0.013726275921536657,0.05406050119018246,1.25315913661316e-05,1.7012043702915435e-05,8.154717743468528e-06,0.6144101897777663,2.6355700068469267e-06,0.08067227099733484,0.1732547918526298,0.027269284873551885,0.036562647436678274,3.704027500375835e-06
2012-02-01,0.01764247751948127,0.044055719373566865,7.402783020949984e-06,9.05593157991482e-06,5.652886321231288e-06,0.5893018370191543,1.3435349926065444e-06,0.10857404564769439,0.1849365976324199,0.01362471440095996,0.041838999094468275,2.1541763402948803e-06
2012-03-01,0.030326758184648677,0.03594242772462371,9.828040955012529e-05,0.00010368295283706712,6.733036934208363e-05,0.5832558101632865,1.525294560739503e-05,0.11471261114973687,0.18646830294463387,0.014052267389546352,0.03493264754375485,2.46282224326704e-05
2012-04-02,0.07319248443378482,0.011554186228649009,1.1154180400783452e-05,9.274926607428503e-06,6.7064345925598684e-06,0.6119458167953401,4.7023723575359496e-06,0.05300779751356851,0.22011144551945808,0.014839535619804068,0.015312449896509017,4.446078928009826e-06
2012-05-01,0.07554373587707722,0.0032192007917278137,2.123473663617484e-05,1.466325093745211e-05,1.1311245391672457e-05,0.5919378913640754,7.30270966466213e-06,0.06428757488312292,0.2394408517773295,0.007268938910586042,0.018237658568447154,9.635885003972125e-06
2012-06-01,0.08271153663353457,0.00016914452377608542,2.1215547413388347e-05,1.751178540803231e-05,1.3486688621005034e-05,0.6022578313403436,8.284803096047672e-06,0.05157994680821013,0.23860055703438385,0.002596166750493316,0.022009991369495607,1.4326715224583671e-05
2012-07-02,0.09322666845925047,0.00011803214856411912,2.0879043517134555e-05,2.0520061823653513e-05,1.4175171671993206e-05,0.6224852494732639,7.771659933022424e-06,0.03594066975237848,0.22698364564153334,0.0017246809610081935,0.019443290094446054,1.4417532609780812e-05
2012-08-01,0.0827693547990506,0.00010516575192720624,2.064778072957623e-05,2.2357481571121037e-05,1.419937788773087e-05,0.6174691090394195,1.0980351922732675e-05,0.03631622921427668,0.24144861948922225,0.0006574500550972876,0.021150352788171272,1.5533870724103616e-05
2012-09-04,0.07941499489631627,0.00011064276221205176,1.8949217572510722e-05,1.9743554246804424e-05,1.2273123468888163e-05,0.6135849762598274,9.223066959580312e-06,0.037517610022718244,0.24851630866966537,0.0002542469668968229,0.020529062325296273,1.1969134819629133e-05
2012-10-01,0.0724638248288907,0.00010272913749280509,1.960807295951773e-05,1.9463184543577922e-05,1.2328042970810046e-05,0.6089027163300408,8.733630010925618e-06,0.035957192280516075,0.2598395171487428,0.00015665000520087205,0.02250412665524119,1.3110683389939708e-05
2012-11-01,0.06690781119433356,6.351612057512487e-05,1.3626633830344998e-05,1.4671044292831446e-05,1.0335857688440476e-05,0.5788266988057694,8.551654185335917e-06,0.0681329244317575,0.26035490511763104,0.00021972031682167332,0.02543683796884266,1.0400854272138723e-05
2012-12-03,0.07072284280568653,9.393899368450536e-05,1.6340113358820363e-05,1.7718772561650326e-05,1.267353148833102e-05,0.5806490498209507,1.0877602323285142e-05,0.06962101048610987,0.25097064541270736,0.00027995772653619097,0.02759260136046054,1.2343374132327031e-05
2013-01-02,0.0730784476203405,0.00010183829209906757,1.8496165723437486e-05,2.05376341622252e-05,1.3667397852684188e-05,0.5845471381827851,1.1817927961668519e-05,0.06991187078531058,0.2445461528999778,0.0003191771704770832,0.027417764042803324,1.3091880506383494e-05
2013-02-01,0.0755173357628015,8.790928022850281e-05,1.689787744943714e-05,2.0626965700950733e-05,1.3912738841491358e-05,0.5852086670206734,1.2252301725790014e-05,0.06776868780685626,0.24355363293815357,0.0003275159969982528,0.02746017962672866,1.2381683842006587e-05
2013-03-01,0.07269735378143445,8.034761147307565e-05,1.600083799709155e-05,2.0130996524481263e-05,1.2860197590127237e-05,0.5770533065484346,1.1431683133818224e-05,0.07268479588102916,0.24683611717472084,0.00035949396389030135,0.03021585290152543,1.230842224662102e-05
2013-04-01,0.07450540763880552,8.184312252659475e-05,1.8792446817153225e-05,2.4126034935834176e-05,1.5152495402145526e-05,0.5816997689661556,1.3067708222058044e-05,0.06740942346772899,0.2441968611137618,0.0005508194017907319,0.03147100027854152,1.3737325311886423e-05
2013-05-01,0.06742721184539664,0.00011911296139954051,2.209415566335303e-05,2.789275674387843e-05,1.5238654739074345e-05,0.5782328417779227,1.1322824197760087e-05,0.06807227786631867,0.2547228471052288,0.0002928154913653995,0.03104242323137775,1.3921329646630821e-05
2013-06-03,0.06609910894010831,8.492159820795208e-05,1.1688628988402097e-05,1.2246832693085816e-05,7.976821228036117e-06,0.5664272212377736,6.336137712210291e-06,0.06304790199959882,0.2715816876295779,5.458502606198151e-05,0.03265862523969502,7.699908354836123e-06
2013-07-01,0.06678991622688984,7.707363305026885e-05,1.4169587659789943e-05,1.4074813854504979e-05,7.291325942341163e-06,0.5983826277114295,5.450126757777807e-06,0.025623501907293234,0.27317374438216424,5.412843469647183e-05,0.03585018103931268,7.840810949316843e-06
2013-08-01,0.07884389007695253,7.433452809991452e-05,9.78032745259549e-06,9.692961102463944e-06,4.467065620751277e-06,0.6045747691054363,3.995346341960832e-06,0.024093535546308383,0.2517151016040768,1.764007486990688e-05,0.04064762738740256,5.1659763360925204e-06
2013-09-03,0.07873079963262303,6.225011045066194e-05,8.249179261161377e-06,1.016686597820518e-05,4.2058682982384845e-06,0.6115521374775699,3.6080547734377894e-06,0.017234598081735154,0.24874949392579113,1.5146398845539348e-05,0.04362498788405839,4.356520615222645e-06
2013-10-01,0.083391536035239,9.157578924317729e-05,1.0177361798590903e-05,1.1473819825858168e-05,4.5743116145773685e-06,0.6231111548470035,4.17063198185281e-06,0.007161519700220675,0.24353890972550055,1.3022773900776516e-05,0.042657457526656235,4.427477015260487e-06
2013-11-01,0.08022967213109894,5.9634110626222266e-05,9.746921409517115e-06,1.1786552021413654e-05,4.401128444883751e-06,0.6250526179650165,3.793974827547551e-06,0.005508627039110282,0.2404990930039418,1.1162066120183252e-05,0.04860540630604779,4.058801335032553e-06
2013-12-02,0.08538961126803715,5.048782847164142e-05,8.186908182955716e-06,9.23500113028798e-06,3.4700869571085503e-06,0.6305159648004277,3.0852866631033197e-06,0.0020616111216034292,0.22745196671358445,9.6621890044817e-06,0.054493477253921035,3.241542016333278e-06
2014-01-02,0.09367653612272506,5.2097478233127726e-05,9.800331059455343e-06,1.234734460360631e-05,4.633324971392829e-06,0.646249089115895,3.2205667243473688e-06,0.0011414914193884525,0.2031637085469361,9.71833775173904e-06,0.055673123672643376,4.2337390683108895e-06
2014-02-03,0.09686506681842048,4.7883060740373704e-05,8.35807929398876e-06,1.1473453834348918e-05,4.1115573198014385e-06,0.6510226140622998,2.859177116355393e-06,0.0007041297949034785,0.19929713278901576,7.58083764927146e-06,0.052025151751162006,3.638618244586341e-06
2014-03-03,0.0994992501120422,4.639896020292656e-05,1.0475431832250021e-05,1.4725446670047472e-05,5.3358425988719615e-06,0.6555971489804622,3.721177879317907e-06,0.0009967266414444296,0.19068515416974774,8.806700112905895e-06,0.05312736191336139,4.894623645843371e-06
2014-04-01,0.09782028919866083,4.015585805074778e-05,1.0897108821230502e-05,1.7160389790973992e-05,5.45897400380626e-06,0.6543283201658902,3.886497361680888e-06,0.001490157603839024,0.1897546352837113,8.247031135691435e-06,0.05651583731397705,4.9545747576532096e-06
2014-05-01,0.10112258167266854,4.0149620789059736e-05,1.057617454763314e-05,1.576175194645708e-05,5.27029815926782e-06,0.6572035371529168,3.74026608402008e-06,0.0008359172022370597,0.18592875529670655,7.526613302379127e-06,0.054821570942737076,4.613007905132916e-06
2014-06-02,0.09991004176362334,3.167196099383251e-05,8.021851050538823e-06,1.1671116529405719e-05,3.652775104511815e-06,0.6561264618551355,2.5888716661806287e-06,0.0003358690196065168,0.18180433173001154,5.0991927706559e-06,0.06175735444045092,3.235423057135967e-06
2014-07-01,0.09737375414187309,3.2519201205579844e-05,8.281452830846006e-06,1.136407879984585e-05,3.753117416066397e-06,0.6553704628882028,2.881174775445883e-06,0.00026527820130595246,0.1901095863005917,5.642214836919211e-06,0.05681314508120231,3.3321469595905315e-06
2014-08-01,0.10249231644739641,0.0001086581804345221,1.2424850260510831e-05,1.5115091199584799e-05,4.97584288996415e-06,0.6613834212411558,4.02053540523555e-06,0.00027617504049859404,0.17705290563708911,6.621183370124819e-06,0.058638878745261185,4.487205038862688e-06
2014-09-02,0.10630956009155704,0.0002898950972506694,1.549694047869849e-05,1.5347586244725898e-05,4.61830282200656e-06,0.6393460162840143,2.667952556934661e-06,0.0001507172161857983,0.20071882399823693,5.1410630520727246e-06,0.053136925737232624,4.789730368122454e-06
2014-10-01,0.10280015365063795,9.339389005945685e-05,8.721228026667017e-06,8.584505865458862e-06,2.4816102089029853e-06,0.6275794545240749,1.3276941875885153e-06,4.995271663912023e-05,0.21467364243772807,3.1407705786874658e-06,0.05477658054136206,2.5664306311809143e-06
2014-11-03,0.0811159937413718,0.00018112632007240083,7.5059681313799946e-06,5.344089383691682e-06,1.959896016203854e-06,0.6012126744663256,1.6968210752071613e-06,3.8207942475224236e-05,0.25630951137451463,2.4158506206370044e-06,0.061121450390285534,2.113139727597039e-06
2014-12-01,0.0854348679054306,0.0009132677642430083,1.595438745575504e-05,1.0313118735758988e-05,3.793200116294084e-06,0.5721620507590475,3.562722319391418e-06,6.505805548587008e-05,0.2893158020305604,4.965698304966979e-06,0.05206607677604379,4.28758225651739e-06
2015-01-02,0.09071660111231623,0.0005120550835623827,1.9956929589163478e-05,1.5032691497596064e-05,5.21529421083603e-06,0.5779911462418356,5.133762501007426e-06,0.00021004032704719717,0.2769489433263423,7.187613633948345e-06,0.05356256214916281,6.125468301035719e-06
2015-02-02,0.08996397932940885,0.0004990597537718259,2.251840331939529e-05,1.4957222623552506e-05,5.299852736399806e-06,0.5747922446880368,5.193540134287666e-06,0.00013916784760618827,0.28002983258981545,7.22832263698811e-06,0.05451417508676369,6.343363146520687e-06
2015-03-02,0.08394152005462463,0.001335591013779079,2.9809738436741505e-05,1.5898614123793735e-05,6.106944707954189e-06,0.5684169838445179,6.389582060625731e-06,0.00013944477696436385,0.29191934801395625,9.038289188664335e-06,0.05417279469594806,7.074431691923734e-06
2015-04-01,0.06809848388025239,0.0051942096551330945,3.931219245377714e-05,1.343370687500102e-05,5.2798853218251215e-06,0.5600620555879564,4.6903420857890644e-06,0.00012936294794092213,0.31879834865070467,8.657800260320947e-06,0.04764110951245439,5.0558385613506136e-06
2015-05-01,0.07416480809048408,0.005473818489705595,4.111373572101763e-05,1.5759129068971036e-05,5.9598284188612865e-06,0.5622268360730102,5.178780257239153e-06,0.00013852230797292166,0.31246991802182794,1.0148194542310194e-05,0.04544239096991867,5.546379072115459e-06
2015-06-01,0.05205529474764139,0.015471861185083563,5.281956026647651e-05,8.594307650817637e-06,3.2121682411196216e-06,0.5391208025351168,2.011829233741482e-06,8.455997535570705e-05,0.3502022409075791,6.700716957490479e-06,0.04298919233526811,2.7097316055599373e-06
2015-07-01,0.05994013508938244,0.012789989175039424,0.00015492726428987372,1.2570959577994887e-05,5.1430729650767285e-06,0.5210897675049698,3.508303010828277e-06,0.00010512861068873279,0.3535523006509502,1.0567400435944847e-05,0.05233140346253344,4.5585061561835134e-06
2015-08-03,0.06378203979746408,0.012359039768062307,0.00012911836832571588,1.2691966976314151e-05,4.971317885783427e-06,0.5172088294086701,3.533567354612169e-06,0.00011415629119905275,0.3498662734589834,9.762432732659661e-06,0.05650498249206115,4.601130284903899e-06
2015-09-01,0.038529196957241454,0.015679615331710514,0.0005154522778632744,6.083430461520238e-05,1.5134884925434626e-05,0.515455260483571,7.295582399087277e-06,0.00029291640855742964,0.37704047600364493,3.1848242236407505e-05,0.05235948577088588,1.2483752349341303e-05
2015-10-01,0.04015983930835234,0.00967069335758766,0.00045083621414672637,8.889800395031294e-05,2.248811122708812e-05,0.5152317724517788,1.1207303996972644e-05,0.00045115238243633045,0.3827073475315841,5.3339786859352413e-05,0.051134134053235386,1.8291494845085455e-05
2015-11-02,0.0412824111975475,0.012474984414970641,0.00033767252965571026,6.394393584003705e-05,1.622007997738285e-05,0.5225652815983692,8.303756725213302e-06,0.0003036349913514138,0.37348242944082827,3.958289424060822e-05,0.049411746946165805,1.3788214328074788e-05
2015-12-01,0.0351108218599841,0.018635323040534606,0.0003965332091032976,5.298113405126309e-05,1.1738117366783481e-05,0.5220106532379183,5.629984486272524e-06,0.0002768698006865622,0.3748806846734507,3.1955608825618373e-05,0.048577365880516594,9.44345307595356e-06
2016-01-04,0.031279232554232664,0.029340802625587355,0.00019376522726499956,3.0270976742907387e-05,5.275271088511163e-06,0.5456585018797502,2.1141151828503622e-06,0.000102960932145458,0.34148751415562734,1.367045763734792e-05,0.051882071200639195,3.820604101241906e-06
2016-02-01,0.042493220192104476,0.014569031051027005,0.00022850753477542243,5.181531792692463e-05,1.134544183803425e-05,0.561993175184865,5.184958584525795e-06,0.00018774898989529706,0.336075361567359,3.7113615298599135e-05,0.04433913108793097,8.365058394619576e-06
2016-03-01,0.05320259853521748,0.00975617125198061,0.0001950851916461779,3.308233218799328e-05,7.379963143750041e-06,0.5762857375180399,4.265231418084539e-06,0.0001223241683657444,0.3211918717916835,3.3762264254100596e-05,0.03916233043908659,5.391312975905542e-06
2016-04-01,0.05943621154395523,0.008472378503718894,6.047811480136404e-05,1.7674068496362456e-05,4.752881896045597e-06,0.5874143001855612,3.211783099784168e-06,8.912055662719887e-05,0.3035626029494415,1.8274392022099473e-05,0.04091734806002632,3.646960353855662e-06
2016-05-02,0.05920576772245757,0.011754190236552218,4.748267144284554e-05,1.5078435057276417e-05,3.9963353875108785e-06,0.5904806429625067,2.753680642151869e-06,6.89798116486747e-05,0.29800418796046685,2.1660288439296274e-05,0.04039198901923866,3.2708761603557447e-06
2016-06-01,0.055387423831504086,0.009360255029215087,4.889847668814866e-05,2.0374828000042182e-05,4.848341891992479e-06,0.5890441099767831,3.3577488904347153e-06,9.265247596078736e-05,0.31092460730209764,3.5341695347571324e-05,0.03507423014878415,3.900144836852842e-06
2016-07-01,0.061766641272304836,0.004015839958870012,6.420765511296415e-05,2.6713634268654142e-05,7.588597442576199e-06,0.5859708311737072,5.098170595803455e-06,0.0003631382939916587,0.3187600609799529,2.873914429432996e-05,0.028984901809122485,6.23931033665411e-06
2016-08-01,0.04881296113249401,0.004240280265141084,0.0001581343055787505,0.00011029994480746476,2.5886865607154323e-05,0.5805364698301891,1.0747504087533512e-05,0.00056403192458253,0.3417732066505801,9.036840143295827e-05,0.02366052976151012,1.7083413988701903e-05
2016-09-01,0.04284897962651928,0.0065360763857693115,0.0002219488031545825,0.00012253799418295047,3.2291886112202595e-05,0.5803682254383769,1.3372247119770897e-05,0.0004905578142759852,0.3531781731672133,0.00010377631224593523,0.01606146075289399,2.2599572135912087e-05
2016-10-03,0.03645915791104179,0.004681015385220497,0.00019130091488374704,0.000156018775790022,3.76558123338299e-05,0.5843629124852024,1.541595060775764e-05,0.0005952987880687328,0.3572080824720751,0.00018031516960322124,0.01608515945508771,2.7666880084936913e-05
2016-11-01,0.04386905256226652,0.0020150290279184013,0.00019792438009663305,0.0001719825345701038,3.831924089228504e-05,0.5873534530672432,1.58248399558816e-05,0.0005865851251471775,0.3506239292599392,0.0001878953747883008,0.01491153404547221,2.8470541709887973e-05
2016-12-01,0.06251486638354846,6.319018470441344e-05,0.0010427061879520385,5.500705633146578e-05,9.248729838099726e-06,0.6036023736964876,6.047998017312096e-06,0.0001906941064649752,0.31397608412438605,6.60553642522232e-05,0.018465216963172732,8.509204844702682e-06
2017-01-03,0.06497160308317003,6.059631517024811e-05,0.0013294354616770689,4.0205975840283415e-05,8.24968656858264e-06,0.6072333692556894,5.738556587895895e-06,0.00015809732339610566,0.30549809749570656,6.40885957238717e-05,0.020622751036779314,7.76721369056437e-06
2017-02-01,0.06388127691256663,5.4510978267769836e-05,0.0018938503795817934,3.6580911506156475e-05,8.041169484295692e-06,0.6061626585220434,5.665951302404487e-06,0.00013312160232907544,0.3079664889819098,7.185626413547331e-05,0.019778033393392954,7.914933480419024e-06
2017-03-01,0.061507181132319684,5.351094545582191e-05,0.004819290927959032,3.2228399618608783e-05,6.7540959721542604e-06,0.6049545580387323,4.7553842294415054e-06,0.00012118129401309439,0.30816363306868183,5.637401447259069e-05,0.020273935055156102,6.597643389075356e-06
2017-04-03,0.06703997626888575,6.675927494040855e-05,0.0022477393789198255,3.414735374825474e-05,7.752920797287588e-06,0.6124646825258526,5.414842426996883e-06,0.0001149406678244544,0.2988344656873869,4.9006419712194976e-05,0.019127612751758345,7.501907746913931e-06
2017-05-01,0.06621381663647058,5.4941769176359034e-05,0.0018101851731517622,3.278734937675777e-05,7.616374930257942e-06,0.610151013223143,5.383658618990668e-06,0.00011202562756614822,0.3024310537181142,4.6691655318464035e-05,0.01912680189293398,7.68292119964009e-06
2017-06-01,0.06795189836961617,5.336339736266677e-05,0.0011723267304463345,3.447228840378486e-05,7.919638034442386e-06,0.6107981588337643,5.554157067864653e-06,0.00011586017592127144,0.3026112806027118,3.6107894038574176e-05,0.017205220087581404,7.83782505112339e-06
2017-07-03,0.0659452624739905,4.3584314243174106e-05,0.001439917519814428,3.038670120068342e-05,7.0383220748273295e-06,0.6127717786773403,5.042991951540698e-06,0.00011247693446282702,0.3000421823778819,2.7084332377561326e-05,0.01956815629703807,7.0890576241868055e-06
2017-08-01,0.06505289436372416,3.655663624783334e-05,0.0018472924362510417,2.864976959121454e-05,6.741274056573262e-06,0.6125155311389955,5.007969546513401e-06,0.00010329333762963871,0.30064306580606187,2.6470592669427352e-05,0.01972743439732582,7.06227790033997e-06
2017-09-01,0.06481917705414433,3.437555487383942e-05,0.001436981113500699,2.6938669847625594e-05,6.573776023044219e-06,0.6130279131644247,4.8516857078044784e-06,8.828678913704118e-05,0.30170137267211894,2.3837324505264987e-05,0.01882290228755544,6.789908161172103e-06
2017-10-02,0.06332742953954465,2.8248781340078606e-05,0.001724022552437327,2.3211931308603354e-05,5.930658577874262e-06,0.6116090961571805,4.431977717236984e-06,8.389392127281062e-05,0.3042550864896184,2.0327555915233365e-05,0.01891209308816853,6.2273469188140535e-06
2017-11-01,0.06444217487694008,2.7755784718336512e-05,0.0033907327180856778,2.6712699789761875e-05,6.331456111857172e-06,0.6072041393583836,4.983768977776526e-06,8.713782185242963e-05,0.309781516879076,2.5927181195059985e-05,0.01499586190999068,6.725544878632529e-06
2017-12-01,0.06436561064878588,2.5090850860716853e-05,0.0039030652413771746,2.5851498416413793e-05,6.036530491237032e-06,0.6081328711757462,4.791980805517221e-06,8.580127521608858e-05,0.30690216713049595,2.9660692795831785e-05,0.016512505104158116,6.547870850865112e-06
2018-01-02,0.0590688147128282,2.0623407053673732e-05,0.005407509192305703,1.932872274233083e-05,4.945169898444331e-06,0.6003658139425091,3.842190005286643e-06,5.937604695642682e-05,0.32030203687931436,2.154926554821633e-05,0.014721000068369577,5.160402468812778e-06
2018-02-01,0.05703124999809017,1.777998257981187e-05,0.0027622415856321985,1.8596480007483342e-05,4.931737765193624e-06,0.6053659568706897,3.926274459209347e-06,5.45294820683438e-05,0.32002027613269995,2.201084043495099e-05,0.014693489539280895,5.011076292111703e-06
2018-03-01,0.04294920746957598,3.20870914952159e-05,0.008548452892849761,3.318752959145397e-05,4.576387360870056e-06,0.6157030758409212,2.657076613475932e-06,3.714421897458364e-05,0.3181562711855355,2.0017512958220244e-05,0.014509225627058997,4.097167064833983e-06
2018-04-02,0.0447337440947395,2.8650477877511327e-05,0.011588838762572898,6.52238111144972e-05,5.403395810015428e-06,0.6249050583583113,2.81035473259896e-06,3.472960678340989e-05,0.2980546304449575,2.019765426878594e-05,0.02055591811340746,4.79492542455949e-06
2018-05-01,0.03636234953195632,3.561417724047177e-05,0.015708554678396904,0.00010228858886424717,6.417156869490621e-06,0.626277156466724,3.0930592054843205e-06,4.190401595455581e-05,0.29971222909398887,2.006701045319775e-05,0.021724629316011927,5.696904334500694e-06
2018-06-01,0.04281514785589122,5.9911283972067516e-05,0.009114831776675473,0.00038816232767180294,1.2999008332474224e-05,0.6261723703269922,6.78547692616766e-06,9.152891991948094e-05,0.2981705302633633,2.8408615876698652e-05,0.02312742829071434,1.1895853664629636e-05
2018-07-02,0.04318060096852287,7.559078446948805e-05,0.006388598352262722,0.0003204636763915328,1.7523891679474853e-05,0.6330994779281492,9.153310561790728e-06,0.00011196071160719264,0.29711733769462545,2.998191842774175e-05,0.01963350183248538,1.5808930817332305e-05
2018-08-01,0.04284087290084602,5.934295714415642e-05,0.0057093091881221325,0.00018043209929521757,1.3321680848964772e-05,0.6353686495281569,7.231036814741569e-06,8.535407211337469e-05,0.2992883838299629,2.390377936590756e-05,0.016411001400087617,1.2197527242073877e-05
2018-09-04,0.0569658910099432,1.2735082293282737e-05,0.003500719947678679,6.189822123209365e-05,5.430111145905324e-06,0.6394538616364955,3.995714888624124e-06,4.395961250919999e-05,0.2835496035615018,1.2120481752127347e-05,0.016384011843888324,5.772776671122617e-06
2018-10-01,0.05202579298768045,1.0145880539131996e-05,0.006982255222557066,3.87373256339497e-05,3.7453426856692095e-06,0.6390954084855306,2.6312645621064103e-06,2.8438953873979137e-05,0.286606805023921,8.481644976939418e-06,0.01519380122604526,3.756641993803214e-06
2018-11-01,0.04739686434500512,1.2735511305949255e-05,0.006809069377196436,7.158983974407588e-05,4.567175475502673e-06,0.640515965344752,2.832957758284031e-06,3.1055430786465785e-05,0.2893806128125779,1.042097324899795e-05,0.015759931663635294,4.354568513787739e-06
2018-12-03,0.041228139084080385,2.9354176409935373e-05,0.005871014875951102,0.00013988357127321899,8.650267213431798e-06,0.6384259712890332,4.583136066633964e-06,5.230106569855638e-05,0.29671554590433225,1.746675500272315e-05,0.017498116285185508,8.973589753075131e-06
2019-01-02,0.01587579047089406,2.6106579552726828e-05,0.010781027374991758,0.00024597768743705333,8.421097870146572e-06,0.6263069584158237,4.024598754419616e-06,4.8831572874311107e-05,0.33541724602319595,1.4975878640053453e-05,0.011263204264875062,7.4360350907586676e-06
2019-02-01,0.020793531358786373,1.5640085713060658e-05,0.012590831859927397,0.00015191916271922477,4.697123730470017e-06,0.6226113839391689,2.38059072383931e-06,2.9050548976687905e-05,0.3301507712887789,8.875778289014927e-06,0.013636897175346465,4.021087839794588e-06
2019-03-01,0.014039040742781355,1.4448750679005202e-05,0.01105331557364342,8.003731399061997e-05,3.739437325356076e-06,0.6084583488343412,1.9380265181084687e-06,2.6813827466582296e-05,0.3498146351330606,7.198379890589847e-06,0.016496905078077537,3.5789022255591723e-06
2019-04-01,0.002619153078887875,2.9738584837688723e-05,0.02109488123306506,0.00014586401477929232,8.3369772610288e-06,0.5980823362376941,4.346258633448299e-06,5.276386482180844e-05,0.3649464790720181,1.8170920171430826e-05,0.012989941873336823,7.98788449328959e-06
2019-05-01,0.0025635927964884355,2.8268630392971213e-05,0.01881767271666259,0.0001957376504361867,8.746495551453846e-06,0.5902641209594959,4.491257069208466e-06,5.672367960475388e-05,0.3730586867725473,1.8030000601171844e-05,0.014976353449042256,7.575592107833913e-06
2019-06-03,0.002059682059902766,2.7715545627539682e-05,0.018821430507735895,0.00020506348177866783,9.296957581862918e-06,0.5908218245322622,4.545163485051446e-06,5.656831503697427e-05,0.3704786795903307,1.7632151574490643e-05,0.017489893642549464,7.668052134295741e-06
2019-07-01,0.0013794693322541074,2.5276610602203395e-05,0.014818029483675249,0.00025510307794520315,9.221758898215093e-06,0.5794579116434281,4.584101150422097e-06,5.513588536686647e-05,0.38775221601338883,1.728465067065078e-05,0.016218165529440384,7.601913179981309e-06
2019-08-01,0.0008343128589363226,2.0781920390665083e-05,0.01218109566291288,0.00013865541541135352,7.853828576154317e-06,0.5711269882847225,4.087088914340796e-06,4.554638561825344e-05,0.39819352066951125,1.461263409767623e-05,0.017426119830612867,6.425420295644419e-06
2019-09-03,0.0003288250975050202,1.6732651906533254e-05,0.011713617927215019,0.00010998866622342524,7.038832420680039e-06,0.5626901282342174,3.655886074679788e-06,4.149937265903511e-05,0.40221251750256937,1.0662165078404251e-05,0.022859473040267114,5.860623863478568e-06
2019-10-01,0.00018997168622482755,1.3659144974466948e-05,0.01887859564457864,0.0001840757373932413,7.550036797777033e-06,0.5487696942838561,3.5386385983126377e-06,3.688674125344804e-05,0.41339841457457227,1.0533469086360278e-05,0.01850127707176819,5.802970896406021e-06
2019-11-01,0.0001023387906825955,1.0983605662826937e-05,0.019339287167629136,0.00013692170467071943,6.782255439595942e-06,0.5404050874834573,3.0448599824047494e-06,3.3633519191255114e-05,0.4219336590717614,1.0099812295421535e-05,0.018012911317537208,5.250411690458569e-06
2019-12-02,5.8774281367424046e-05,1.7461168800671904e-05,9.136372059754278e-05,8.79031414809275e-05,1.800386225419074e-05,0.4996885594736634,5.600486215025774e-06,5.257030407951282e-05,0.48951799323435163,2.1203421958893275e-05,0.010429934844821517,1.063206040930357e-05
2020-01-02,5.69002361348224e-05,1.811193759961605e-05,8.312075136079477e-05,0.00011843385689919664,2.3281978547759027e-05,0.4924697039094406,6.35543446150605e-06,6.142164976125155e-05,0.4993596424976243,2.930092680489297e-05,0.007759628973215132,1.409784815016884e-05
2020-02-03,6.559962952431631e-05,1.9702076239523153e-05,0.00011372943911746167,0.00018894400093287273,2.7412261306951664e-05,0.4979455280423149,7.074070488937582e-06,6.547238319568429e-05,0.49242005392046273,3.213848593710658e-05,0.009098316912843601,1.602877763557643e-05
2020-03-02,8.074479746678797e-05,2.319376291982491e-05,0.00019249773523779493,0.0002430577028180448,3.451018083894757e-05,0.5080526656191682,8.245251447081423e-06,6.068744143478449e-05,0.479752342091828,5.00337177956753e-05,0.011484122361629765,1.7899337415244344e-05
2020-04-01,3.915541850227719e-05,0.009027291728747708,1.4764400700386953e-05,1.0767282690701802e-05,7.039538537449022e-06,0.6673371394396934,7.802200221794442e-07,1.3865334440720789e-06,0.28271883285590943,3.972988755911281e-06,0.040837823294541366,1.0462984550944948e-06
