Date,GMV
2010-04-12,0.0019146284568092309
2010-04-13,0.0021358356741654205
2010-04-14,3.011538302000183e-05
2010-04-15,0.00222915885001429
2010-04-16,0.0011635907869169682
2010-04-19,-0.0025924990935850545
2010-04-20,0.002196875458361003
2010-04-21,0.0034550118867451296
2010-04-22,-0.0014352303885550866
2010-04-23,-0.00035804679628204106
2010-04-26,-6.264003288825037e-05
2010-04-27,0.0038774926114759634
2010-04-28,-0.003640835225853789
2010-04-29,0.0038128664070333773
2010-04-30,0.003391373324707736
2010-05-03,-0.00018798013564502725
2010-05-04,-5.988173967841348e-05
2010-05-05,0.0004157021281923079
2010-05-06,0.0033653786760396986
2010-05-07,-0.00460611387981924
2010-05-10,0.0008516960096671689
2010-05-11,0.0017696442430745751
2010-05-12,0.0015075230135910278
2010-05-13,-0.0004436203483990653
2010-05-14,0.0016211083641504143
2010-05-17,-0.002721494530970703
2010-05-18,0.003993419335443615
2010-05-19,-0.001803529544641358
2010-05-20,0.0005897371013645625
2010-05-21,0.003032024793447885
2010-05-24,0.00017800686700741863
2010-05-25,0.0024757014337259964
2010-05-26,-0.0025791394987926264
2010-05-27,-0.0019097145475699406
2010-05-28,0.002719716400237049
2010-06-01,-0.000952988512015418
2010-06-02,-0.0010611480135185314
2010-06-03,-0.0004345899825183297
2010-06-04,0.00546621901063693
2010-06-07,0.0014808900260425695
2010-06-08,-0.002198262183580657
2010-06-09,-0.00039260730369261587
2010-06-10,-0.00333661233377458
2010-06-11,0.006197962920311717
2010-06-14,-0.0005176416472767453
2010-06-15,0.0020767973247157734
2010-06-16,0.002302653083521511
2010-06-17,0.004934404592504382
2010-06-18,-0.0008488031195778012
2010-06-21,-0.0020107601307431944
2010-06-22,0.0032130357141324506
2010-06-23,0.0015790596135027979
2010-06-24,-0.0024909587075181427
2010-06-25,0.0029025971988778654
2010-06-28,0.004202338764326852
2010-06-29,-0.0021731879917554764
2010-06-30,-6.413289587225979e-05
2010-07-01,-0.002284223693882814
2010-07-02,-0.001360462367347548
2010-07-06,0.0019812069710085645
2010-07-07,0.002994994971887932
2010-07-08,-0.0005659114856754188
2010-07-09,-0.0006429614810092854
2010-07-12,0.000511375460589214
2010-07-13,-0.00046852464533109206
2010-07-14,0.0039108052592400355
2010-07-15,0.004171316534273384
2010-07-16,-0.0002072006572263474
2010-07-19,-0.0011853017663421284
2010-07-20,0.003310772937602291
2010-07-21,0.0028692221115236283
2010-07-22,0.0004080798092198634
2010-07-23,-0.0013834468608184824
2010-07-26,0.0007236687686003052
2010-07-27,-0.003784118393920788
2010-07-28,0.002256933198323985
2010-07-29,0.0017793271986286108
2010-07-30,0.005193215233490589
2010-08-02,0.0006064476367926286
2010-08-03,0.0032658784581671707
2010-08-04,-0.001594969771138266
2010-08-05,0.003033892422516171
2010-08-06,0.004604531195751882
2010-08-09,0.00046776843320017747
2010-08-10,0.002380603430510053
2010-08-11,-0.0006248458069586516
2010-08-12,-0.0027074286754474874
2010-08-13,0.002799818918566288
2010-08-16,0.006099994898959515
2010-08-17,-0.0017573395545813497
2010-08-18,-0.00023839821387627858
2010-08-19,0.0012475888069725105
2010-08-20,-0.0024438758297385954
2010-08-23,-0.00025927913073142683
2010-08-24,0.003726689104774694
2010-08-25,-0.0020380307390367447
2010-08-26,0.0025230053709064393
2010-08-27,-0.006806520877426059
2010-08-30,0.004667639075173424
2010-08-31,0.0029771405138707685
2010-09-01,-0.000822160524872495
2010-09-02,-0.001355310660437925
2010-09-03,-0.0022121628352704814
2010-09-07,0.005247807918827174
2010-09-08,-0.0007776933117892293
2010-09-09,-0.005687249282399609
2010-09-10,-0.0010550125955757217
2010-09-13,0.0058103788397891876
2010-09-14,0.0048424624895349044
2010-09-15,-0.0020318324218405737
2010-09-16,-0.0021637342850041597
2010-09-17,0.002305060798397651
2010-09-20,0.004883044395547209
2010-09-21,0.006495433124764194
2010-09-22,0.0006010003930110308
2010-09-23,0.0006403891234745274
2010-09-24,-0.00017337814249829275
2010-09-27,0.004966178489176354
2010-09-28,0.003026991852758565
2010-09-29,-0.0011467733369798783
2010-09-30,-0.0006960096077341937
2010-10-01,0.0008227901191180109
2010-10-04,0.00098570069341819
2010-10-05,0.004347977660256408
2010-10-06,0.004200834088669669
2010-10-07,0.0003770906003928154
2010-10-08,0.0029356657287138432
2010-10-11,0.000954286703941376
2010-10-12,-0.0015270530993956033
2010-10-13,0.001964323512484434
2010-10-14,-0.004697519060560484
2010-10-15,-0.0020217794779970877
2010-10-18,0.003797506950781182
2010-10-19,-0.0008913257478232461
2010-10-20,0.00182586974403387
2010-10-21,-0.0051099365769681215
2010-10-22,0.0016910039485806827
2010-10-25,0.001139505026201082
2010-10-26,-0.004368397777814725
2010-10-27,-0.004628370233242474
2010-10-28,0.005091262883761605
2010-10-29,0.0034653293793058815
2010-11-01,-0.001359137781688502
2010-11-02,0.004577862180552783
2010-11-03,0.0030477809532767353
2010-11-04,0.010525767846949474
2010-11-05,-0.0029016621590817193
2010-11-08,0.0005423613974029351
2010-11-09,-0.007958827145740588
2010-11-10,0.0034756218943829964
2010-11-11,-0.0019918817729838167
2010-11-12,-0.010715857760389969
2010-11-15,-0.01032411258562893
2010-11-16,0.0013986806528278883
2010-11-17,-0.001857785975486359
2010-11-18,0.002378840190558673
2010-11-19,0.0011153530456025074
2010-11-22,0.004642731181186743
2010-11-23,-0.001012567763802208
2010-11-24,-0.004840508145407929
2010-11-26,0.0021190691552028795
2010-11-29,0.001944528115251476
2010-11-30,0.0004391987139518161
2010-12-01,-0.005821173375782918
2010-12-02,-0.0005049775695257219
2010-12-03,0.0016722216092983633
2010-12-06,0.00477024308405416
2010-12-07,-0.012562351136133798
2010-12-08,-0.006325123639854713
2010-12-09,0.0015114704951826319
2010-12-10,-0.005517974919318602
2010-12-13,0.002071330564450191
2010-12-14,-0.007178891937552834
2010-12-15,-0.004276263849088191
2010-12-16,0.0051496070686170015
2010-12-17,0.006936932044377508
2010-12-20,0.0007583017657104563
2010-12-21,0.002719473923547211
2010-12-22,-0.0016375475665002526
2010-12-23,-0.0026689482901078865
2010-12-27,0.002964144991585149
2010-12-28,-0.0068476277876096114
2010-12-29,0.008849196751587796
2010-12-30,-0.002273056964537723
2010-12-31,0.004607460924661577
2011-01-03,-0.000718749091573323
2011-01-04,0.0007675566287703717
2011-01-05,-0.0065989565328175015
2011-01-06,0.0035438830774403574
2011-01-07,0.004254022032193383
2011-01-10,0.003401388146717199
2011-01-11,-0.0017750237383101775
2011-01-12,-0.0008558973704054784
2011-01-13,0.004602652626989112
2011-01-14,-0.0013066578574887355
2011-01-18,-0.0014238392525769417
2011-01-19,0.0004533708094545119
2011-01-20,-0.007588341795654707
2011-01-21,0.0024654828517369776
2011-01-24,0.0010133327109687063
2011-01-25,0.003438682256513781
2011-01-26,-0.0026375681583764576
2011-01-27,0.0023917820662395783
2011-01-28,0.0013801685970653566
2011-01-31,-0.0014049143188278324
2011-02-01,-0.0009889711412460755
2011-02-02,-0.0014588266882936685
2011-02-03,-0.003922000694407846
2011-02-04,-0.003990147345095174
2011-02-07,0.00020684331193066008
2011-02-08,-0.0036784914815998215
2011-02-09,0.0036828126744812284
2011-02-10,-0.002465395969495021
2011-02-11,0.004052811212557517
2011-02-14,0.0009132732184853332
2011-02-15,0.001022865737403178
2011-02-16,-2.3294614573177164e-05
2011-02-17,0.0032707419710393815
2011-02-18,-3.4099512260410414e-05
2011-02-22,0.00364218798034055
2011-02-23,-0.0012878899231458796
2011-02-24,0.0018406722598529601
2011-02-25,0.005172551736698505
2011-02-28,0.0004898248109932446
2011-03-01,0.00033902508132932496
2011-03-02,-0.0032146335878172616
2011-03-03,-0.003296132755011394
2011-03-04,0.005108299320885523
2011-03-07,-0.0032055873171406013
2011-03-08,-0.0019020300463533646
2011-03-09,0.003636708171885994
2011-03-10,0.003349826420254054
2011-03-11,-0.0013443217040529643
2011-03-14,0.0012415303467079308
2011-03-15,-0.0011211794438741318
2011-03-16,0.003911186862949334
2011-03-17,0.0008399609806961639
2011-03-18,0.0002944214557139002
2011-03-21,-0.0012896232961120413
2011-03-22,0.0005768297678305778
2011-03-23,-0.0001961671500843032
2011-03-24,-0.002248250071634428
2011-03-25,-0.001611726677984926
2011-03-28,-0.0009615926317718682
2011-03-29,-0.001066289807249876
2011-03-30,0.0031924777456509013
2011-03-31,-0.0009259233487768359
2011-04-01,0.0016975248389321518
2011-04-04,0.002448664325163552
2011-04-05,-0.0035890505903292125
2011-04-06,-0.0026089720043773745
2011-04-07,0.00020449214233475566
2011-04-08,-0.0013659613572614138
2011-04-11,-0.0004399663955618749
2011-04-12,0.002203923203232261
2011-04-13,0.004482538161300065
2011-04-14,-0.0025096124633998684
2011-04-15,0.005903937988179342
2011-04-18,0.0008110861052224028
2011-04-19,0.0018464452487276795
2011-04-20,0.0002073186158340068
2011-04-21,0.0018606836434871266
2011-04-25,0.0026648879625157385
2011-04-26,0.003796666462330567
2011-04-27,-0.0006215646359615246
2011-04-28,0.0025804480952418274
2011-04-29,0.002589230430370071
2011-05-02,-0.0012388222971841945
2011-05-03,0.0010234654078626892
2011-05-04,0.0006529612947137053
2011-05-05,-0.0006431618502101832
2011-05-06,0.00140086467670697
2011-05-09,0.003325361727624321
2011-05-10,-0.0022157854893128937
2011-05-11,0.00037955489165852896
2011-05-12,-0.0009867721788933137
2011-05-13,0.0013464226567083681
2011-05-16,-9.429032200902743e-05
2011-05-17,0.0025685849237546687
2011-05-18,-0.0025655674264354333
2011-05-19,0.000733673955568559
2011-05-20,0.001771461089501658
2011-05-23,-0.001245611819568726
2011-05-24,0.0007586633344152105
2011-05-25,0.0010798896230761468
2011-05-26,0.004698999001365056
2011-05-27,0.0011518394176432967
2011-05-31,0.0030281750690457354
2011-06-01,0.0032183190381331883
2011-06-02,-0.004143481822596162
2011-06-03,0.001574498337188368
2011-06-06,-0.0017903032637338612
2011-06-07,0.0015362182812128644
2011-06-08,0.0007603053800977477
2011-06-09,-0.0024050351263262826
2011-06-10,-0.00023752435514590164
2011-06-13,-0.002531167459497441
2011-06-14,-0.003839156738731586
2011-06-15,0.0051269667622131365
2011-06-16,-1.792732673200348e-06
2011-06-17,0.0002028186589630998
2011-06-20,-0.000298421678340266
2011-06-21,0.001579790270352932
2011-06-22,-0.0013272651781924827
2011-06-23,0.003787064481428404
2011-06-24,0.0003260989900890632
2011-06-27,-0.0017452922052928477
2011-06-28,-0.004577403229664712
2011-06-29,-0.002369927039099551
2011-06-30,-0.0014456559576672134
2011-07-01,-0.000264737746767163
2011-07-05,0.006469067186712252
2011-07-06,0.001956044288683234
2011-07-07,-0.00029836622508094823
2011-07-08,0.007591422012357851
2011-07-11,0.0031609992140646526
2011-07-12,0.0008316833739503426
2011-07-13,0.0031910446526144387
2011-07-14,-0.0054597504484907855
2011-07-15,0.004713535497471888
2011-07-18,-0.0010036644067205058
2011-07-19,0.005010303764608093
2011-07-20,-0.0034353194584001434
2011-07-21,-0.0035828684915351072
2011-07-22,0.004540866982944536
2011-07-25,-0.002929034363843397
2011-07-26,0.0039853367227353775
2011-07-27,-0.004659914884605265
2011-07-28,0.0016250268700088721
2011-07-29,0.00865142615858705
2011-08-01,0.002374773787385598
2011-08-02,0.004533620857445353
2011-08-03,0.0006476124163909969
2011-08-04,0.0016621790859883134
2011-08-05,-0.008914549531410021
2011-08-08,0.003121858968517799
2011-08-09,0.011246938529178463
2011-08-10,0.007068471450353275
2011-08-11,-0.006630668860693634
2011-08-12,0.005367736631323172
2011-08-15,0.0006312488507849157
2011-08-16,0.0027737637599993814
2011-08-17,0.006220887961606358
2011-08-18,-0.0010738623098955902
2011-08-19,1.8922661709774857e-05
2011-08-22,6.936607364504965e-05
2011-08-23,-0.0007628694591315099
2011-08-24,-0.009770793880605644
2011-08-25,0.0031296418142809923
2011-08-26,0.006749392396252274
2011-08-29,-0.0026662978695549677
2011-08-30,0.00765321884191561
2011-08-31,-0.0016959523984838576
2011-09-01,0.004764341233413294
2011-09-02,0.005154992620333587
2011-09-06,-0.0002662066513876571
2011-09-07,-0.002099434575126069
2011-09-08,0.0040369835465075
2011-09-09,5.842650786402892e-05
2011-09-12,-0.002875947868809292
2011-09-13,-0.0002887647009456318
2011-09-14,0.0017206989389864091
2011-09-15,-0.004035298979992552
2011-09-16,0.0022119201314467762
2011-09-19,0.004699518672978353
2011-09-20,0.0011146700854247626
2011-09-21,-9.833585046881144e-05
2011-09-22,0.0006697961219412907
2011-09-23,-0.007562942708097542
2011-09-26,-0.0021122381097828935
2011-09-27,-0.0027921962824675184
2011-09-28,-0.0040969505025388875
2011-09-29,-0.0003717844240905821
2011-09-30,-0.0005666057228774779
2011-10-03,0.003765813846321686
2011-10-04,-0.003147097040710145
2011-10-05,0.0012164449753668816
2011-10-06,-0.0010305433293125166
2011-10-07,-0.004723923132486818
2011-10-10,-0.0007625481483292118
2011-10-11,0.002075815485751642
2011-10-12,0.0006244921566940231
2011-10-13,0.003232266943354878
2011-10-14,0.00015411524121899944
2011-10-17,0.0017958512029234708
2011-10-18,0.0010708047968583934
2011-10-19,-0.0022932624647999944
2011-10-20,-0.001414547924443177
2011-10-21,0.00161917390624855
2011-10-24,0.00545366078202969
2011-10-25,0.0034115160299323932
2011-10-26,-0.0049415421754259725
2011-10-27,-0.002899532537392502
2011-10-28,0.0039051088968811154
2011-10-31,0.005840172302433055
2011-11-01,0.002943866577293175
2011-11-02,0.001379729762436277
2011-11-03,0.0008818217405117679
2011-11-04,0.0015758827050242896
2011-11-07,0.001362093883696014
2011-11-08,-0.002284943427377506
2011-11-09,-0.0016569696009106627
2011-11-10,-0.0035977984491991633
2011-11-11,0.000883120313411867
2011-11-14,0.0018167816525518354
2011-11-15,-0.00018426679881866637
2011-11-16,-0.0010191324849501138
2011-11-17,-0.0035792755525588804
2011-11-18,-0.0026922180590092104
2011-11-21,-0.0024525472231601286
2011-11-22,0.001238413811411876
2011-11-23,-0.0031621191369912705
2011-11-25,-0.005433694394490596
2011-11-28,0.0062774693175136065
2011-11-29,-0.0003719490561453487
2011-11-30,0.0026697987929413802
2011-12-01,0.0008395734802830734
2011-12-02,0.004452229800845364
2011-12-05,0.0012351996571169366
2011-12-06,-0.001180986775076942
2011-12-07,0.0026275548483498667
2011-12-08,-0.0003292623345976242
2011-12-09,-0.0019338879815224974
2011-12-12,-0.0006408724577134928
2011-12-13,0.0015147331232909789
2011-12-14,-0.0008913331267562663
2011-12-15,-0.00035281050975299877
2011-12-16,0.005270612287283871
2011-12-19,0.001248230149851537
2011-12-20,-0.0005940237628235812
2011-12-21,-0.0025308368569874062
2011-12-22,0.0022814548562968273
2011-12-23,-0.001227851266439206
2011-12-27,0.0014920619559941617
2011-12-28,0.0015211595972965952
2011-12-29,0.002293751847882941
2011-12-30,0.002518407977341708
2012-01-03,-0.00035107515536847433
2012-01-04,-0.001465896582189763
2012-01-05,-0.0008216729454095795
2012-01-06,0.0023786082359593674
2012-01-09,-6.458573797107903e-06
2012-01-10,0.0007905435153592322
2012-01-11,0.003559672506133982
2012-01-12,-0.0014694062240496741
2012-01-13,0.002266703646511159
2012-01-17,0.0022177882041825026
2012-01-18,-0.00047233307895699905
2012-01-19,-0.0028880618576786476
2012-01-20,-0.00244457471685422
2012-01-23,-0.0002445909643642441
2012-01-24,0.0011721142109115679
2012-01-25,0.006653908441699885
2012-01-26,0.004269780939911261
2012-01-27,0.0019275172147867892
2012-01-30,0.0008488970594344725
2012-01-31,0.003170552485767697
2012-02-01,-0.0006041691613852818
2012-02-02,0.0015721034006874746
2012-02-03,-0.003197163583418816
2012-02-06,0.002059262555111241
2012-02-07,-0.0032947391893378697
2012-02-08,0.0009496958802532873
2012-02-09,-0.0010609916225455818
2012-02-10,0.0006193986259928064
2012-02-13,0.001215189823634777
2012-02-14,0.001353597364054382
2012-02-15,-0.0004760385740706363
2012-02-16,-0.0010577172572459048
2012-02-17,-0.0010666482518502107
2012-02-21,-0.0004790454751062434
2012-02-22,0.003845934264053108
2012-02-23,0.002185610677116534
2012-02-24,0.001505616345020222
2012-02-27,0.002069090872430124
2012-02-28,0.001639178588628054
2012-02-29,-0.0031447618866264904
2012-03-01,-0.000650353030192341
2012-03-02,0.001096429042779512
2012-03-05,-0.003134461478628059
2012-03-06,-0.001824948725577591
2012-03-07,6.789776225257782e-05
2012-03-08,0.0008406875229260979
2012-03-09,0.00015939107625650983
2012-03-12,-0.0005355660304858789
2012-03-13,-0.001997157709706876
2012-03-14,-0.008864022112659353
2012-03-15,-0.0006109397151251583
2012-03-16,-0.00021022511504098507
2012-03-19,-0.0026552736930971488
2012-03-20,-0.0005238807916980726
2012-03-21,0.0027364472191939715
2012-03-22,0.0003559478904096025
2012-03-23,0.002432454104521531
2012-03-26,0.0022217581768964045
2012-03-27,0.004123838477071429
2012-03-28,-0.002635292205043771
2012-03-29,0.0019169893117643166
2012-03-30,-0.002987256004161054
2012-04-02,0.002908112184496714
2012-04-03,-0.005848753444212762
2012-04-04,0.001013396837303171
2012-04-05,0.0024800516788421323
2012-04-09,0.004635435646133557
2012-04-10,0.00036529119060246806
2012-04-11,-0.0005064614838770076
2012-04-12,0.002125647155684085
2012-04-13,0.001914579641044245
2012-04-16,-0.00019266307248666514
2012-04-17,0.0016861726039316682
2012-04-18,0.0006539436536259213
2012-04-19,-0.00023788593957763116
2012-04-20,0.0005387083899739409
2012-04-23,1.6199000469674374e-05
2012-04-24,-0.0009439033437649291
2012-04-25,0.0022927838992059524
2012-04-26,0.003004451656512197
2012-04-27,0.0008877654872716523
2012-04-30,0.000681339109392276
2012-05-01,-0.0005669943226384033
2012-05-02,0.0017694382067987569
2012-05-03,-0.0010588972889251647
2012-05-04,0.00036504688010219333
2012-05-07,0.00033955160497156633
2012-05-08,0.0009417866366583372
2012-05-09,-0.001099816127310027
2012-05-10,-0.0010729905706616805
2012-05-11,0.0023606501553461445
2012-05-14,-0.0002798141229013451
2012-05-15,-0.0015395339132137087
2012-05-16,-0.0021697840170634697
2012-05-17,-0.0025077975173353195
2012-05-18,-0.0012256414041242891
2012-05-21,0.0024343759121785435
2012-05-22,-0.001732470681576559
2012-05-23,0.0013313583064751278
2012-05-24,-0.001112624594478251
2012-05-25,0.0010437371820113395
2012-05-29,0.0029193500013291462
2012-05-30,0.0033815518105682063
2012-05-31,4.781995502467495e-06
2012-06-01,0.0009755680114151843
2012-06-04,-0.0036170686314879186
2012-06-05,-7.70569578461e-05
2012-06-06,0.0006820284466944049
2012-06-07,0.002313500554880221
2012-06-08,0.0023002231201276757
2012-06-11,-0.0014376253873730205
2012-06-12,-0.0006003664195219915
2012-06-13,0.0019503598805892253
2012-06-14,0.0012743187468384765
2012-06-15,0.004240952133293119
2012-06-18,7.785713043229059e-05
2012-06-19,0.0006083283099063141
2012-06-20,-0.0007535416400369366
2012-06-21,-0.003099708865897499
2012-06-22,-0.00011557991943111912
2012-06-25,0.00189892363309907
2012-06-26,-0.0010816889145052189
2012-06-27,0.003243484259201068
2012-06-28,0.0014762013867355428
2012-06-29,0.00263821373832851
2012-07-02,0.003566797807520228
2012-07-03,0.0004832387271773708
2012-07-05,0.0014166421332664214
2012-07-06,0.0006085042168899601
2012-07-09,0.0020540459454665427
2012-07-10,-0.0017940240181737455
2012-07-11,0.00044780902977614723
2012-07-12,0.0007171794003977272
2012-07-13,0.0019736740497326988
2012-07-16,0.0006364500021438513
2012-07-17,0.00010952501601257936
2012-07-18,0.0026309599517515547
2012-07-19,0.000213384470460376
2012-07-20,0.0005663682904317735
2012-07-23,-0.0008365072813167895
2012-07-24,-0.0010274682463711216
2012-07-25,0.00013535582120605127
2012-07-26,0.0019629116696089355
2012-07-27,-0.0014241311759147779
2012-07-30,0.0022085662438158238
2012-07-31,-0.00018440025483001943
2012-08-01,-0.001029746685108246
2012-08-02,-0.00023898874589811658
2012-08-03,-0.000311339153146184
2012-08-06,0.0005767727155503444
2012-08-07,-0.0033099289517917185
2012-08-08,-0.0006301696134916046
2012-08-09,-0.00019792246404493063
2012-08-10,0.001676201741505956
2012-08-13,-0.0005589630325907313
2012-08-14,-0.00277009092849112
2012-08-15,-0.004131974992760856
2012-08-16,4.0525628203447184e-05
2012-08-17,0.0009406378763503476
2012-08-20,0.0008473580751624521
2012-08-21,0.0010581282427810645
2012-08-22,0.004862243987697967
2012-08-23,0.0002484925518162484
2012-08-24,0.0012563484855849794
2012-08-27,0.0013611557998232104
2012-08-28,-1.975458275182973e-06
2012-08-29,-2.6678877364516573e-05
2012-08-30,0.0004465015614993906
2012-08-31,0.0054977958639617075
2012-09-04,-0.001563388247283637
2012-09-05,-0.00035163875837718184
2012-09-06,-0.0012714366154139567
2012-09-07,0.0018553683378397245
2012-09-10,-0.000564374020879499
2012-09-11,0.0008794256202035999
2012-09-12,-0.0019290528348102631
2012-09-13,0.004973404017654559
2012-09-14,-0.0053456605370031385
2012-09-17,0.000283936708634025
2012-09-18,0.0015353772604898008
2012-09-19,0.0008938629759789318
2012-09-20,-0.0007656289995271459
2012-09-21,0.0011168666738516908
2012-09-24,0.0007439665862876144
2012-09-25,-0.0007741384609337709
2012-09-26,0.0007943446100491247
2012-09-27,0.002409397464845364
2012-09-28,-0.0013626373792113844
2012-10-01,0.0010101967869218242
2012-10-02,0.0002271086309995063
2012-10-03,0.0012044502582992944
2012-10-04,-0.0003380481730546059
2012-10-05,-0.003059933304361606
2012-10-08,0.0013793440575273763
2012-10-09,-0.0024961616888270477
2012-10-10,0.0004019556903840371
2012-10-11,0.002399267415958972
2012-10-12,-1.0136671915184081e-06
2012-10-15,0.001956773454752758
2012-10-16,-0.0011714808154397183
2012-10-17,-0.002954602208688595
2012-10-18,-0.0014810620094893867
2012-10-19,-0.00030141037519304525
2012-10-22,-0.002151122444182585
2012-10-23,0.000670190860577291
2012-10-24,-0.0018909755367579884
2012-10-25,-0.0016196446610460269
2012-10-26,0.003412744100198317
2012-10-31,0.0028956646882973835
2012-11-01,-0.0008474535568403496
2012-11-02,-0.001056300412872857
2012-11-05,0.001361784774869923
2012-11-06,-0.0015844473465419506
2012-11-07,0.0014144676468303974
2012-11-08,0.0009115633040317483
2012-11-09,-0.0003024544001895002
2012-11-12,0.0004029727009031703
2012-11-13,-0.00013868954907214626
2012-11-14,-0.0019140393994330207
2012-11-15,-0.0007273618115115621
2012-11-16,0.0015609440188593116
2012-11-19,0.004057660599995794
2012-11-20,-0.0027388019261505026
2012-11-21,-0.0006596399171646672
2012-11-23,0.0015738398331854864
2012-11-26,0.0009535427984219691
2012-11-27,0.0012530728074187092
2012-11-28,0.0012428596102489475
2012-11-29,0.0022721118033963705
2012-11-30,0.00030943217582635185
2012-12-03,0.0008394011070460561
2012-12-04,0.0007298602782557229
2012-12-05,0.001122470429376854
2012-12-06,0.0007628101582526359
2012-12-07,-0.0020097778997377747
2012-12-10,0.000785538399810326
2012-12-11,-0.0006988151022377931
2012-12-12,-0.0017459701960385043
2012-12-13,-0.0028127450163000223
2012-12-14,0.001049488214016625
2012-12-17,-0.0014823352616739616
2012-12-18,-0.001422446035243885
2012-12-19,0.00036066242095045276
2012-12-20,0.00162738282678343
2012-12-21,0.00023333593425034493
2012-12-24,-0.0018687895301024993
2012-12-26,0.001876620341077162
2012-12-27,0.0018294911664464841
2012-12-28,-3.663134609666052e-05
2012-12-31,-0.0009824325366970532
2013-01-02,0.0017807278567965046
2013-01-03,-0.00452531895939956
2013-01-04,0.000604561587771224
2013-01-07,0.000494397067453578
2013-01-08,0.001151387083206723
2013-01-09,0.0009260971608202606
2013-01-10,-0.0005336146001940767
2013-01-11,0.002296568311147107
2013-01-14,-0.0005688522887902225
2013-01-15,0.0013407268155551932
2013-01-16,0.00036107475742497286
2013-01-17,-0.0012830763033642167
2013-01-18,0.0023832558845062746
2013-01-22,0.001132534752436909
2013-01-23,0.00022171800168035993
2013-01-24,-0.0005282176623743196
2013-01-25,-0.0038661933740519183
2013-01-28,-0.0014860776664371578
2013-01-29,-0.0009830939348129952
2013-01-30,-0.0016731627991009024
2013-01-31,-0.0004212119371895806
2013-02-01,-0.0004715243180933859
2013-02-04,0.0016228663796131748
2013-02-05,-0.0008163273263175341
2013-02-06,0.0015949279553781892
2013-02-07,-0.0003794340330157686
2013-02-08,0.001171133370647004
2013-02-11,-0.0007810827943598442
2013-02-12,0.0003346614538222159
2013-02-13,-0.0017591246311621234
2013-02-14,0.002597850397791035
2013-02-15,-0.0007643960413037387
2013-02-19,-0.00025092842700646933
2013-02-20,-0.00013280405372328996
2013-02-21,0.0007554607524877799
2013-02-22,0.0021032290801059617
2013-02-25,0.002579576862231203
2013-02-26,0.0004799475710133283
2013-02-27,0.0008997981449110348
2013-02-28,0.0004719596626394651
2013-03-01,0.002123704612881694
2013-03-04,-0.0010966071011488943
2013-03-05,0.0007236968015593703
2013-03-06,-0.0022640183224496013
2013-03-07,-0.0017442953864906796
2013-03-08,-0.002475308454201408
2013-03-11,0.0004679308453072739
2013-03-12,0.0015110918865663958
2013-03-13,-0.000552587518159231
2013-03-14,0.0017695128942991634
2013-03-15,0.0020363560979468343
2013-03-18,0.0015253759861866278
2013-03-19,0.0010808560830903868
2013-03-20,-0.0008709077019912748
2013-03-21,0.00035939337942791916
2013-03-22,0.0006876794787387119
2013-03-25,-0.00022939125313004016
2013-03-26,0.001959490882177839
2013-03-27,0.002457627143715335
2013-03-28,-0.0007268583723185618
2013-04-01,0.001591431694648593
2013-04-02,-0.0011162229982891736
2013-04-03,0.0014184526508356221
2013-04-04,0.0028749069611944122
2013-04-05,0.0019315707511835534
2013-04-08,-0.000980952639269117
2013-04-09,0.001514321488620185
2013-04-10,-0.000997685297420503
2013-04-11,0.0008130175859251132
2013-04-12,0.0030593455261527236
2013-04-15,-0.0029150299557884063
2013-04-16,0.0012831249111238119
2013-04-17,-0.0007372273222552295
2013-04-18,-0.00014775391313737174
2013-04-19,0.00021820129792948784
2013-04-22,0.0013402017453301163
2013-04-23,0.0012406612167490394
2013-04-24,0.001106405533916055
2013-04-25,0.0006863927962421634
2013-04-26,0.0017737887372428762
2013-04-29,0.001154219404878365
2013-04-30,0.0004990700197482489
2013-05-01,0.0005541119012320017
2013-05-02,0.0026421489953425414
2013-05-03,-0.004147362595396942
2013-05-06,-0.00038670974732535335
2013-05-07,-0.0007997477479394499
2013-05-08,0.0021252634743242904
2013-05-09,-0.001209744337723917
2013-05-10,-0.004858404174990061
2013-05-13,-0.0023289534512883625
2013-05-14,-0.0016059557559218174
2013-05-15,0.002070870968430061
2013-05-16,0.0032947722936713664
2013-05-17,-0.002563361370146122
2013-05-20,-3.2399808692851195e-05
2013-05-21,0.0021573532601990575
2013-05-22,-0.007335866871666319
2013-05-23,-9.940753348025577e-05
2013-05-24,-0.0004985112986247708
2013-05-28,-0.007624595507000342
2013-05-29,0.000601620672798342
2013-05-30,0.000925202270491976
2013-05-31,-0.0067181939060873
2013-06-03,0.0011843470451542437
2013-06-04,-0.0018931449412562529
2013-06-05,-0.0007745440184295793
2013-06-06,0.0038071511624986343
2013-06-07,-0.0035655773302210036
2013-06-10,-0.0022805944555098767
2013-06-11,-0.001376774755684762
2013-06-12,-0.00306425133822541
2013-06-13,0.009289760164516547
2013-06-14,0.0007549476203165817
2013-06-17,-0.0008789105344065851
2013-06-18,0.000817480903984702
2013-06-19,-0.013575777605424721
2013-06-20,-0.008856420762217043
2013-06-21,-0.008265903911700345
2013-06-24,-0.006132029663927119
2013-06-25,0.00406349163372921
2013-06-26,0.005587151213902075
2013-06-27,0.005304891941400491
2013-06-28,-0.0029962775512040185
2013-07-01,0.002396161049320833
2013-07-02,-0.000449898193388254
2013-07-03,-0.0002511089589868343
2013-07-05,-0.012652016071003747
2013-07-08,0.008066771703510334
2013-07-09,0.0018940282207051684
2013-07-10,-0.0009530402775974611
2013-07-11,0.010829565561145449
2013-07-12,-0.0006349276801697057
2013-07-15,0.003354389778372102
2013-07-16,-0.0006529105991467388
2013-07-17,0.004879831198126627
2013-07-18,-0.0006314634656039431
2013-07-19,0.003338003540502843
2013-07-22,0.00031679866292178005
2013-07-23,-0.0015019515958716312
2013-07-24,-0.006985560735646379
2013-07-25,0.0003363363616213366
2013-07-26,0.0005156645286152894
2013-07-29,-0.002083586881478139
2013-07-30,9.547724285963177e-05
2013-07-31,0.0015203145549942398
2013-08-01,-0.006907761947179458
2013-08-02,0.006772235243194924
2013-08-05,-0.0035900458910413935
2013-08-06,-0.0008385283499822149
2013-08-07,0.0009402299867176112
2013-08-08,0.001986940680907656
2013-08-09,0.0004966191615702886
2013-08-12,-0.001025699437113392
2013-08-13,-0.005425520547375551
2013-08-14,-7.375537855913716e-05
2013-08-15,-0.0055260858111604305
2013-08-16,-0.0035646085606684252
2013-08-19,-0.004938694014366751
2013-08-20,0.0060377056231901705
2013-08-21,-0.005387247843827381
2013-08-22,0.0019620909403110787
2013-08-23,0.005207057013321581
2013-08-26,0.0012252086196931078
2013-08-27,0.0010508985302857266
2013-08-28,-0.0011842776246384634
2013-08-29,0.0013233471299090027
2013-08-30,-0.0017344119221627263
2013-09-03,-0.004267042317587899
2013-09-04,-0.0008698517955124663
2013-09-05,-0.0060645254474510635
2013-09-06,0.004844499758210885
2013-09-09,0.0023971659864134853
2013-09-10,-0.0018080892222850364
2013-09-11,0.0038002772054752665
2013-09-12,-0.0002571563319770931
2013-09-13,0.0006655357447962196
2013-09-16,0.0026660428450397955
2013-09-17,0.002009552905781975
2013-09-18,0.012057278575018149
2013-09-19,-0.003238054748544661
2013-09-20,-0.0006428696976050752
2013-09-23,0.001681044596271386
2013-09-24,0.001524447337867496
2013-09-25,0.0011354687055931123
2013-09-26,-0.0008660667909007325
2013-09-27,-2.3195346419147e-05
2013-09-30,-0.000323570729889755
2013-10-01,4.071020747131726e-05
2013-10-02,0.0015015268094815681
2013-10-03,0.00017749466037031425
2013-10-04,-0.0005257617173348716
2013-10-07,-0.0005055019810048522
2013-10-08,-0.001233874163159565
2013-10-09,-0.0011575067582961784
2013-10-10,0.0021121652312301453
2013-10-11,0.0016897253046275207
2013-10-14,-0.0014012979572516349
2013-10-15,-0.0007210504495583914
2013-10-16,0.005866633386584663
2013-10-17,0.005110591768342276
2013-10-18,0.001393666740005406
2013-10-21,-0.001088722224557248
2013-10-22,0.005521766938012762
2013-10-23,0.00022771962670131707
2013-10-24,-0.0008902958273770967
2013-10-25,0.0016829181253761316
2013-10-28,-0.00034697126108385046
2013-10-29,0.0015893821743575565
2013-10-30,-0.0029284875700850144
2013-10-31,-0.0012034466167076818
2013-11-01,-0.004308349815489887
2013-11-04,0.0017172932948317232
2013-11-05,-0.0038713783465855744
2013-11-06,0.0030617061892346253
2013-11-07,0.0004493038145385597
2013-11-08,-0.006150487156140971
2013-11-11,-0.0010070104033209626
2013-11-12,-0.0013800485209458646
2013-11-13,0.004383786010221158
2013-11-14,0.004359014949660622
2013-11-15,0.00015600182653408012
2013-11-18,0.0009126395899958784
2013-11-19,-0.002696722449469502
2013-11-20,-0.003903528149162949
2013-11-21,0.0026706638708335895
2013-11-22,0.0025439529868134247
2013-11-25,0.0007223795963118285
2013-11-26,0.0015405604243283744
2013-11-27,-0.0013552999524222287
2013-11-29,-0.0001846703339410949
2013-12-02,-0.002930647389672636
2013-12-03,0.0008579622969537848
2013-12-04,-0.003360620799913505
2013-12-05,-0.0021769617841591593
2013-12-06,0.002353398854290978
2013-12-09,0.0016139190610662268
2013-12-10,0.0024901815835614016
2013-12-11,-0.004076554434727653
2013-12-12,-0.003027712712115105
2013-12-13,0.0010903007613960458
2013-12-16,0.0005859637166105713
2013-12-17,0.001502388819975664
2013-12-18,-0.0004243542137383205
2013-12-19,-0.002842748340872503
2013-12-20,0.0030326501432385022
2013-12-23,-0.0013657000539435415
2013-12-24,-0.0021987009702173488
2013-12-26,0.00020578954864647336
2013-12-27,-0.00025668680780155384
2013-12-30,0.0015613042802211652
2013-12-31,-0.0023465006011138545
2014-01-02,0.0011904283499291068
2014-01-03,-0.0008162116022731869
2014-01-06,0.0020585719505694655
2014-01-07,0.0015623421180461783
2014-01-08,-0.0038120170406141796
2014-01-09,0.0016284321257209466
2014-01-10,0.0066782750705125515
2014-01-13,0.00040292610386249983
2014-01-14,-0.0011559197123657272
2014-01-15,0.00048072838616963764
2014-01-16,0.0015174846690637622
2014-01-17,0.0012647533277674317
2014-01-21,-5.037332684576512e-05
2014-01-22,-0.001791209354916834
2014-01-23,0.003330151998251152
2014-01-24,-0.0006373547410630787
2014-01-27,-0.0028682771626084014
2014-01-28,0.0026534255701522458
2014-01-29,0.0015805944337154987
2014-01-30,0.0004311975694553105
2014-01-31,0.0019185199691267307
2014-02-03,0.0007646963199254841
2014-02-04,-0.0006821563251069307
2014-02-05,-0.0023764779286031823
2014-02-06,0.0009646860448639938
2014-02-07,0.004542818390443681
2014-02-10,0.0003338791420763876
2014-02-11,-0.0011789149170045032
2014-02-12,-0.0016969733979925739
2014-02-13,0.004444949095152806
2014-02-14,0.000611449578331591
2014-02-18,0.002752672353275365
2014-02-19,-0.0022893783789998956
2014-02-20,0.0006087857521228646
2014-02-21,0.000736275432889899
2014-02-24,0.0005941550366446169
2014-02-25,0.0021638290383767522
2014-02-26,0.0020961662177323426
2014-02-27,0.0014950870458512178
2014-02-28,1.9991843975830648e-05
2014-03-03,0.0031013306637970306
2014-03-04,-0.003185243684577843
2014-03-05,4.834256275287885e-06
2014-03-06,-0.002387866954119189
2014-03-07,-0.0037606205139031346
2014-03-10,0.00022383604014852843
2014-03-11,-3.746201120879977e-05
2014-03-12,0.002791171369615597
2014-03-13,0.001983684352967474
2014-03-14,-7.182622355828006e-05
2014-03-17,-0.0020661876325118733
2014-03-18,0.003156634790627555
2014-03-19,-0.007621417780288464
2014-03-20,0.001122902000437076
2014-03-21,0.0007562482861571684
2014-03-24,-0.00011601304308861415
2014-03-25,0.0008227254515991156
2014-03-26,0.002050175703256718
2014-03-27,0.0006186719499259308
2014-03-28,-0.0014795409293865136
2014-03-31,0.0011262642006550916
2014-04-01,-0.0010465135370095746
2014-04-02,-0.0028421958551922977
2014-04-03,0.0008609018889560449
2014-04-04,0.003548382258603766
2014-04-07,-6.175211759684718e-05
2014-04-08,0.0023967020842079467
2014-04-09,0.0013008605463080691
2014-04-10,0.00019081179621105449
2014-04-11,-0.0005747313583993607
2014-04-14,0.0008406535449834163
2014-04-15,0.0016731128111955318
2014-04-16,0.00018837622701517454
2014-04-17,-0.0036790301961979743
2014-04-21,1.8738014454511287e-05
2014-04-22,0.0003674133318130046
2014-04-23,0.0014607194433056137
2014-04-24,0.00039079276961073717
2014-04-25,-0.00020191734091412616
2014-04-28,-0.0008902641395506228
2014-04-29,0.0014641232172512009
2014-04-30,0.0016847343611487986
2014-05-01,0.0012994266757933026
2014-05-02,0.0014011568587859458
2014-05-05,-0.00039727389569299554
2014-05-06,-2.6423997623648e-05
2014-05-07,0.0015243565982050455
2014-05-08,0.0003933309961681175
2014-05-09,-0.0004546684403037293
2014-05-12,-0.0004320738685829051
2014-05-13,0.0032042083735137616
2014-05-14,0.0028748296748883906
2014-05-15,0.000971538620946566
2014-05-16,-0.0006226030404961058
2014-05-19,-0.0002291318475983184
2014-05-20,0.0011467968142178098
2014-05-21,-9.714109349545641e-05
2014-05-22,-0.000277964882746784
2014-05-23,0.0019250642262595985
2014-05-27,0.0005400850322487827
2014-05-28,0.00363068544974543
2014-05-29,-0.00010641525863741563
2014-05-30,-0.0005566501062799212
2014-06-02,-0.0035397433682685664
2014-06-03,-0.003380251211574925
2014-06-04,-0.0004729467985842284
2014-06-05,0.002131760347033662
2014-06-06,0.0007613371501753452
2014-06-09,-0.0003741232819526319
2014-06-10,-0.0013970240523950572
2014-06-11,0.00038786410821955997
2014-06-12,0.002591294393191168
2014-06-13,-0.0007493617188298884
2014-06-16,0.00017753718699009546
2014-06-17,-0.002511890206457812
2014-06-18,0.005277558711295205
2014-06-19,-0.000952783759923026
2014-06-20,0.0012599672145066076
2014-06-23,-0.0007305923062287389
2014-06-24,0.0019852998172513736
2014-06-25,0.0014545643278980336
2014-06-26,0.0011788914186177113
2014-06-27,7.929061780576063e-05
2014-06-30,-7.958517279893496e-05
2014-07-01,-0.0016120420391965151
2014-07-02,-0.0025545317508850474
2014-07-03,-0.0012415777314287446
2014-07-07,0.0006560890648079631
2014-07-08,0.00224886610166819
2014-07-09,4.019994467152621e-05
2014-07-10,0.0005110610228296064
2014-07-11,0.0010447206826980082
2014-07-14,-0.0008129666850644757
2014-07-15,-0.0015716962036084192
2014-07-16,0.001102861190072968
2014-07-17,0.0014923490048110999
2014-07-18,8.298847909848917e-05
2014-07-21,-5.840374609478172e-05
2014-07-22,0.001279040325503411
2014-07-23,0.0006665508710355095
2014-07-24,-0.002378842648191548
2014-07-25,0.0019688216125999247
2014-07-28,-0.0013885155976812724
2014-07-29,3.311799288407968e-05
2014-07-30,-0.005633981785055475
2014-07-31,-0.003954196164859258
2014-08-01,0.0031000602955042478
2014-08-04,0.0026333078067184434
2014-08-05,-0.0012944308861897458
2014-08-06,0.0013969862127156674
2014-08-07,0.0026830076406307857
2014-08-08,0.0008680697798966186
2014-08-11,0.0009075453502451758
2014-08-12,-0.001500872435637679
2014-08-13,0.003325470651855067
2014-08-14,0.0014717786780895636
2014-08-15,0.0032308940339058623
2014-08-18,-0.0011954933187739991
2014-08-19,-9.964240118065515e-05
2014-08-20,-0.0013922059528552744
2014-08-21,0.001835084894249217
2014-08-22,-0.0006245844911512144
2014-08-25,0.0015048311818237625
2014-08-26,9.72127765457298e-05
2014-08-27,0.0017113144024016869
2014-08-28,0.0006066641082329571
2014-08-29,0.0006061662630698628
2014-09-02,-0.0046660551678823214
2014-09-03,0.0005574132433723289
2014-09-04,-0.003303259773652978
2014-09-05,0.000343819434995396
2014-09-08,-0.001404378077341617
2014-09-09,-0.003515240198301739
2014-09-10,-0.0014809229902146281
2014-09-11,-0.0009398727399523299
2014-09-12,-0.003694814231338772
2014-09-15,0.000791639175880654
2014-09-16,0.001513446409380892
2014-09-17,-0.0010309210814574143
2014-09-18,-0.00028699185430458574
2014-09-19,0.0024778923200159397
2014-09-22,-0.0002767265390207774
2014-09-23,-0.00027412633710166556
2014-09-24,-0.001350000191492673
2014-09-25,-0.00012318262877186736
2014-09-26,-0.000735541740488177
2014-09-29,0.0017436559032621979
2014-09-30,-0.00044091621501773925
2014-10-01,0.003926204634226549
2014-10-02,-0.0016492239496820327
2014-10-03,0.0011408758087567694
2014-10-06,0.0018238764768123694
2014-10-07,0.0010802667171190272
2014-10-08,0.004799849764196784
2014-10-09,-0.005996902167731855
2014-10-10,-0.0005835058368156565
2014-10-13,0.0006446401074777786
2014-10-14,0.0013204968737128286
2014-10-15,0.0023485457862726378
2014-10-16,-0.00012803642800340853
2014-10-17,0.0012514122450084653
2014-10-20,0.0030068066136303973
2014-10-21,0.002362465835006544
2014-10-22,-0.00287852213181361
2014-10-23,-0.0009679933648196748
2014-10-24,0.0015907492244433552
2014-10-27,-0.0004991357270656138
2014-10-28,0.00036961776609123476
2014-10-29,-0.0018080839661853698
2014-10-30,0.0007796888298017279
2014-10-31,0.0002732257045929831
2014-11-03,-0.0001868245816963876
2014-11-04,-0.0020230137430571338
2014-11-05,0.0007931460118701938
2014-11-06,-0.0007876216814154402
2014-11-07,0.0044530145876615634
2014-11-10,-0.0026658664290182266
2014-11-11,0.0010242141605985022
2014-11-12,-0.0013428400571258159
2014-11-13,-0.0010855436962723397
2014-11-14,0.0006336758193152825
2014-11-17,-0.0009118065920776797
2014-11-18,0.0003629340538198189
2014-11-19,-0.002100141156833879
2014-11-20,0.0017628017709203636
2014-11-21,0.0036762532419718497
2014-11-24,0.00037433694124477945
2014-11-25,0.0015714732283338417
2014-11-26,0.0014387276279621553
2014-11-28,-0.0029422276861362784
2014-12-01,-0.0038489806419337302
2014-12-02,-0.0015496179041817326
2014-12-03,0.0007236790188933639
2014-12-04,0.0015645157324830627
2014-12-05,-0.0034055827646095604
2014-12-08,-0.0010568490331959168
2014-12-09,0.0022648570373182686
2014-12-10,-0.0028791730533200832
2014-12-11,-0.002038994025495011
2014-12-12,-0.0009197814669236193
2014-12-15,-0.003674060158448511
2014-12-16,0.0009859406172978424
2014-12-17,0.0035976367445431645
2014-12-18,0.0009621114692826005
2014-12-19,0.005984018066034658
2014-12-22,-0.0012014485575063683
2014-12-23,-0.0031466647758939814
2014-12-24,0.0007686122114471949
2014-12-26,9.414642994998168e-05
2014-12-29,0.0017750119812376397
2014-12-30,-0.00045122142302100876
2014-12-31,-0.0013482625855315566
2015-01-02,0.0022564454639157905
2015-01-05,-0.001416830104684852
2015-01-06,0.0015358918400345534
2015-01-07,0.0023721128533136238
2015-01-08,0.0014616495185670875
2015-01-09,0.0034414196834324784
2015-01-12,-0.00011001896400530953
2015-01-13,8.992562539256177e-05
2015-01-14,0.0020682360589296955
2015-01-15,0.0018357292715196483
2015-01-16,-0.001234240883993265
2015-01-20,0.0003619139560857576
2015-01-21,-0.0005726176587328435
2015-01-22,0.0001810712334102682
2015-01-23,0.003018898201669451
2015-01-26,-5.788981415000283e-05
2015-01-27,-0.00034097580654379733
2015-01-28,0.002086867828763106
2015-01-29,-0.0005393579565398099
2015-01-30,0.00445498324288951
2015-02-02,0.0022272595673165085
2015-02-03,-0.00039685738047501307
2015-02-04,-0.001848513080031866
2015-02-05,0.0012539154006649955
2015-02-06,-0.0062337383423055615
2015-02-09,-0.0008030234897605792
2015-02-10,-0.000170200337648585
2015-02-11,-0.0006889947933838014
2015-02-12,0.0019410221393865168
2015-02-13,-0.0004535446420317335
2015-02-17,-0.003985666387402387
2015-02-18,0.0029704382682884667
2015-02-19,-0.0023280663708143967
2015-02-20,0.000826250326641631
2015-02-23,0.0024003504058944802
2015-02-24,0.004304143190540177
2015-02-25,0.002221886287357755
2015-02-26,-0.003971615787459526
2015-02-27,0.002347658093376337
2015-03-02,-0.004520017967072576
2015-03-03,-0.00208096966961524
2015-03-04,-0.0009627971823106263
2015-03-05,0.0007509901413604858
2015-03-06,-0.009533920658077566
2015-03-09,0.0022196438167245702
2015-03-10,-0.0008059432910066944
2015-03-11,0.0019013935781646563
2015-03-12,0.0019351451126221608
2015-03-13,-0.0034291898697879075
2015-03-16,0.002762944304777193
2015-03-17,-0.000885107024476417
2015-03-18,0.011588363091023846
2015-03-19,-0.006248453973576984
2015-03-20,0.0060382051555551985
2015-03-23,0.0013961250161935723
2015-03-24,0.001297889115594808
2015-03-25,-0.004354338904931199
2015-03-26,-0.002842546364923426
2015-03-27,0.0016050501249389448
2015-03-30,0.002042397259731654
2015-03-31,-0.00020953687240632402
2015-04-01,0.003920978233397543
2015-04-02,-0.0013554139003552068
2015-04-06,0.002646503272759615
2015-04-07,0.0022115959769584137
2015-04-08,-0.0012552455178742594
2015-04-09,-0.0022459391595376355
2015-04-10,0.0014816446456655807
2015-04-13,-1.2375457908553322e-05
2015-04-14,0.002126462326845102
2015-04-15,0.0028817194107315647
2015-04-16,0.00024295753085779026
2015-04-17,-0.0008351865983012852
2015-04-20,0.00015206199190287428
2015-04-21,-0.0013869814625558918
2015-04-22,-0.003017679239708748
2015-04-23,0.0023986040638248607
2015-04-24,0.0026820933384026358
2015-04-27,-0.001066927659468142
2015-04-28,-0.002762486613029025
2015-04-29,-0.0026410246428613116
2015-04-30,-0.0007202287632857018
2015-05-01,-0.0015507253409234867
2015-05-04,-0.0010249845246033118
2015-05-05,-0.0019414274117881547
2015-05-06,-0.0040167449221422125
2015-05-07,0.0019466312193052726
2015-05-08,0.005931767854677528
2015-05-11,-0.008051606890174146
2015-05-12,0.0006126287174805789
2015-05-13,-0.0011153005517418046
2015-05-14,0.004579361738727972
2015-05-15,0.0047498836037216385
2015-05-18,-0.0041532110311448545
2015-05-19,-0.003961480491535885
2015-05-20,0.0006816592257428145
2015-05-21,0.004578076459333502
2015-05-22,-0.0017045988786515975
2015-05-26,0.0010565819251826536
2015-05-27,0.0005833230359524322
2015-05-28,0.0005121857939711649
2015-05-29,0.0008074846943302294
2015-06-01,-0.0017299764395322104
2015-06-02,-0.003993505657322705
2015-06-03,-0.006854185346673924
2015-06-04,0.0005115308329555202
2015-06-05,-0.004872540778389944
2015-06-08,0.0003126616779076663
2015-06-09,-0.0016790687647950664
2015-06-10,-0.0005711038175265637
2015-06-11,0.004729253447678605
2015-06-12,-0.002579815873396285
2015-06-15,-0.000869179154198596
2015-06-16,0.004519795420221628
2015-06-17,0.00024404396945998386
2015-06-18,0.0016583050456551174
2015-06-19,0.0023502602164104935
2015-06-22,-0.0033004544186827633
2015-06-23,-0.0013047259621242757
2015-06-24,-0.0001182016645366879
2015-06-25,-0.0025329813723952155
2015-06-26,-0.0035067590485668987
2015-06-29,0.0021437066497755897
2015-06-30,0.0012651514992381152
2015-07-01,-0.002721002539764261
2015-07-02,0.003027401785068884
2015-07-06,0.0006298420189896348
2015-07-07,0.0017902706232442167
2015-07-08,-0.0011453107452448208
2015-07-09,-0.0021918908941700455
2015-07-10,-0.00040968242093730733
2015-07-13,-0.00014856811686414506
2015-07-14,0.0014593957785711265
2015-07-15,0.0013994181639995773
2015-07-16,0.0008070183190098668
2015-07-17,-0.000920595991954043
2015-07-20,-0.0033859346182965044
2015-07-21,0.0007527006827978688
2015-07-22,-0.00259818962850189
2015-07-23,0.001135812590713492
2015-07-24,-0.0016532745244572933
2015-07-27,-0.0011101937542423723
2015-07-28,0.0016297953969526269
2015-07-29,0.001916305456433287
2015-07-30,0.001543011567385122
2015-07-31,0.001734892412361022
2015-08-03,-0.0002666086627343134
2015-08-04,-0.0023026026472818817
2015-08-05,-0.00239250790636103
2015-08-06,-0.00039677865621134956
2015-08-07,0.0006160857111128237
2015-08-10,0.000981663350794193
2015-08-11,0.00032094203379195996
2015-08-12,-0.0007387344561767817
2015-08-13,-0.002161995238622705
2015-08-14,-0.00044786739761837335
2015-08-17,0.0011746785294151074
2015-08-18,-0.0018135193898651814
2015-08-19,0.001660982677940348
2015-08-20,-0.0017913662075607073
2015-08-21,-0.0024411853169826747
2015-08-24,-0.006276863705064972
2015-08-25,-0.0027392640195708085
2015-08-26,0.002067366623358602
2015-08-27,0.005981853793953773
2015-08-28,0.0018401274006645263
2015-08-31,-0.000665611185213022
2015-09-01,-0.0022923294457918297
2015-09-02,0.0017147048220291783
2015-09-03,0.0020750557408424353
2015-09-04,-0.00019416686486040113
2015-09-08,0.0015365236571163177
2015-09-09,-0.0016500970754030897
2015-09-10,0.0005697990908706263
2015-09-11,0.0014212954296903835
2015-09-14,-0.0009974173340241421
2015-09-15,-0.003322981194595509
2015-09-16,-0.00024056205059819202
2015-09-17,0.0041738591020075155
2015-09-18,-0.00026686137235720775
2015-09-21,-0.0028442910423152057
2015-09-22,-0.0011970640986941339
2015-09-23,-0.0016947534672321352
2015-09-24,-0.0009656219646833053
2015-09-25,-0.003109731064523169
2015-09-28,-0.004845649348500181
2015-09-29,0.0020507533538358658
2015-09-30,0.0038278813685290736
2015-10-01,-0.0022438754857220244
2015-10-02,0.003987002364437275
2015-10-05,0.0032509407161531723
2015-10-06,0.003977215558262248
2015-10-07,0.002962060734658989
2015-10-08,0.0009220051349958513
2015-10-09,0.0006345618244623097
2015-10-12,0.00020257021274772136
2015-10-13,-0.0011075499591557403
2015-10-14,0.002430833037683433
2015-10-15,-0.00015948539626253755
2015-10-16,0.0016144223399023883
2015-10-19,-4.118671060326928e-05
2015-10-20,-0.0013861486355044583
2015-10-21,0.000574508983901989
2015-10-22,0.0017358082243297268
2015-10-23,-0.0010514509335430855
2015-10-26,0.0006745509693895091
2015-10-27,-0.00030019365424882594
2015-10-28,-0.000176516419401751
2015-10-29,-0.004455457820789821
2015-10-30,0.0017136144947005327
2015-11-02,3.22903349427861e-05
2015-11-03,6.950200907951398e-05
2015-11-04,-0.0026068652289519267
2015-11-05,-0.002260475333270895
2015-11-06,-0.005652468918259879
2015-11-09,-0.0034021264756459724
2015-11-10,0.00011409340289403325
2015-11-11,-0.0018148217072874173
2015-11-12,-0.003605100299997277
2015-11-13,-0.00015809636593389076
2015-11-16,0.003478618211025797
2015-11-17,-0.0006321870109716743
2015-11-18,0.0015672507697157556
2015-11-19,-0.002223410047597185
2015-11-20,-0.0006099798889763752
2015-11-23,0.0006641513550391664
2015-11-24,0.00179689479336953
2015-11-25,0.0006407002106845194
2015-11-27,0.00046545941595743656
2015-11-30,-0.0005295583294794293
2015-12-01,0.006517838089013184
2015-12-02,-0.0037320007956338497
2015-12-03,-0.006753824995773261
2015-12-04,0.002106268503097475
2015-12-07,-0.0026737817493278637
2015-12-08,-0.004830695171388455
2015-12-09,0.0021856893975567004
2015-12-10,-0.002689797245127745
2015-12-11,-0.0048046165434023624
2015-12-14,-0.007120227299057036
2015-12-15,0.005005425032003963
2015-12-16,0.0020043113178649374
2015-12-17,-0.0032573971020183334
2015-12-18,-0.000264954452824262
2015-12-21,-0.0006219172737238488
2015-12-22,0.0031672324158722454
2015-12-23,0.0025645309793473903
2015-12-24,0.0016653173139871136
2015-12-28,-0.0028658100112337603
2015-12-29,0.0007699687375728459
2015-12-30,-0.0004024649718896711
2015-12-31,0.00048019615832894935
2016-01-04,-0.0011586956021123473
2016-01-05,-2.123864887382254e-05
2016-01-06,0.0018260806807885999
2016-01-07,-0.0028729548506473135
2016-01-08,-0.0002842368243358706
2016-01-11,-0.0035217454670383175
2016-01-12,0.003083718897297416
2016-01-13,-0.003543022329954737
2016-01-14,0.0015196759794224857
2016-01-15,-0.004338317236634581
2016-01-19,-0.0021825631613060503
2016-01-20,-0.00026842059955078934
2016-01-21,0.0016343835920507033
2016-01-22,0.006626673484310341
2016-01-25,-0.0033558101875834634
2016-01-26,0.004984728181911313
2016-01-27,-0.0005081255665155826
2016-01-28,0.003493876091744008
2016-01-29,0.0058321180175562315
2016-02-01,-0.00410262723819832
2016-02-02,-0.0002659266451813247
2016-02-03,0.0022675151527191684
2016-02-04,0.0002734745876569189
2016-02-05,-0.0034185335296852415
2016-02-08,-0.0005833148275571354
2016-02-09,-0.0022985792700231933
2016-02-10,0.001331374098292093
2016-02-11,0.0004323853951699874
2016-02-12,0.002103198578967902
2016-02-16,-0.0008894239221862721
2016-02-17,0.0032117799092814536
2016-02-18,0.002354971096260927
2016-02-19,0.0002801119731687951
2016-02-22,0.0037867358956200636
2016-02-23,-0.0009117773134947882
2016-02-24,0.0014347219959263136
2016-02-25,0.004094890303528054
2016-02-26,-0.0007070364948214003
2016-02-29,0.004599378169427348
2016-03-01,0.0021708332908574324
2016-03-02,-0.002736875318450682
2016-03-03,0.002182480927439334
2016-03-04,-5.199211322903796e-05
2016-03-07,-2.3378401069473753e-05
2016-03-08,-0.0002522205181845205
2016-03-09,-0.0004890061009277247
2016-03-10,0.00018909840712888482
2016-03-11,0.003547761323892118
2016-03-14,-0.0009291602115130138
2016-03-15,-0.0035921063540833575
2016-03-16,0.006274553501794289
2016-03-17,0.003514147119400457
2016-03-18,0.0019470802241532414
2016-03-21,-0.0017184463133397276
2016-03-22,-0.001762067771192255
2016-03-23,-0.00027354229156006937
2016-03-24,-0.002274771207493531
2016-03-28,-0.0005116020402936572
2016-03-29,0.005681897979187944
2016-03-30,0.0005258923865896215
2016-03-31,0.0022914691449598124
2016-04-01,-0.00016366203468975993
2016-04-04,-0.0008348435731695414
2016-04-05,0.00045555990038548266
2016-04-06,0.002475933048339485
2016-04-07,0.0005832363938560459
2016-04-08,0.0015787137182854405
2016-04-11,0.0004403973690616514
2016-04-12,0.0009550946993241993
2016-04-13,0.0033516048848756252
2016-04-14,-0.0018175268754473395
2016-04-15,0.0010255103168002044
2016-04-18,0.001806875058738333
2016-04-19,0.0013652605304526055
2016-04-20,-0.0014758468148743376
2016-04-21,-0.002418160480250675
2016-04-22,-0.00024231935095442303
2016-04-25,-0.001956340206036522
2016-04-26,0.0004204486571850463
2016-04-27,0.005456045666685894
2016-04-28,0.0010869838380649366
2016-04-29,0.00036822831712579607
2016-05-02,-0.0015724802732403065
2016-05-03,0.0003269502788765255
2016-05-04,-0.0004108846690633605
2016-05-05,0.0009615782347460744
2016-05-06,-0.0010496829680280984
2016-05-09,-0.0001840025922493771
2016-05-10,0.004238723264730071
2016-05-11,0.0009436195478533804
2016-05-12,-0.0011251864572182635
2016-05-13,0.0003204730573145298
2016-05-16,0.0006607862015013399
2016-05-17,-0.0018064395290507962
2016-05-18,-0.004988574055254991
2016-05-19,-0.0006081946631538715
2016-05-20,0.0020868598906429447
2016-05-23,0.00013022607124746344
2016-05-24,0.0018222148941913208
2016-05-25,0.0011584738445329368
2016-05-26,0.0009954540359984332
2016-05-27,-0.00014069853785092512
2016-05-31,7.267155516399448e-05
2016-06-01,0.0007664698385814184
2016-06-02,0.0021614902254623036
2016-06-03,0.006056044099724378
2016-06-06,0.0005646938894889875
2016-06-07,0.002638755922232283
2016-06-08,0.0026812393439528126
2016-06-09,-0.00047564767230567906
2016-06-10,-0.0005185747901664817
2016-06-13,-0.001395705651508039
2016-06-14,-0.0015357157856918935
2016-06-15,0.001666245436569458
2016-06-16,0.0003979111509475608
2016-06-17,-0.0013166036308803752
2016-06-20,-4.987705028547396e-06
2016-06-21,-0.0002468316157945294
2016-06-22,0.001141642110057406
2016-06-23,0.000596419652603597
2016-06-24,-9.779195955195163e-05
2016-06-27,-0.00047746915363000575
2016-06-28,0.005392564482227469
2016-06-29,0.0029979477039172586
2016-06-30,0.004028800764548368
2016-07-01,0.0026908173645854294
2016-07-05,0.00010495202873861409
2016-07-06,0.0020132404964392503
2016-07-07,-0.0011958722333618166
2016-07-08,0.006624010372803024
2016-07-11,-0.0027679821183183018
2016-07-12,-0.0015564429060106466
2016-07-13,0.00018399716059436244
2016-07-14,-0.0012962485168709348
2016-07-15,-0.0030315475175085593
2016-07-18,0.001005565057642599
2016-07-19,0.00043782921030710575
2016-07-20,-0.00023669310042384595
2016-07-21,0.0004416698005627051
2016-07-22,0.0012121203870292252
2016-07-25,-0.0024826759124552122
2016-07-26,-0.000960857154258643
2016-07-27,0.0031728994360675777
2016-07-28,-0.0010326241245315337
2016-07-29,0.0028686755879352432
2016-08-01,-0.004369305317779459
2016-08-02,-0.002263967793638244
2016-08-03,0.0023897266523478233
2016-08-04,0.0037413074026082516
2016-08-05,-0.002299108048017584
2016-08-08,0.0012007848056734272
2016-08-09,0.0032457478276943785
2016-08-10,0.0004856330275637699
2016-08-11,-0.0013202721064737855
2016-08-12,0.002480724959298408
2016-08-15,-9.287873286201176e-05
2016-08-16,-0.001776269308073286
2016-08-17,0.001605995004770433
2016-08-18,0.0028164146109990185
2016-08-19,-0.003140171669424152
2016-08-22,0.000492488535097424
2016-08-23,0.0013182128123894188
2016-08-24,-0.001743354732973157
2016-08-25,-0.00022368804677008747
2016-08-26,-0.002778095817238202
2016-08-29,0.004246901783169887
2016-08-30,-0.00017828884215109753
2016-08-31,-0.0026345818033932655
2016-09-01,0.0014512424770787291
2016-09-02,0.0005254327518020574
2016-09-06,0.0033942737146954727
2016-09-07,-0.0005214834525333334
2016-09-08,-0.0033507151328487916
2016-09-09,-0.007609361076465593
2016-09-12,0.0024854092382597948
2016-09-13,-0.005747376506873181
2016-09-14,0.0011217357211528167
2016-09-15,0.0028277218372034785
2016-09-16,0.0005625216126206034
2016-09-19,-0.0008168717512402335
2016-09-20,0.0005488345722459709
2016-09-21,0.004616053658106356
2016-09-22,0.003323503995232624
2016-09-23,-0.0006191339330684498
2016-09-26,-0.0001841338027189776
2016-09-27,0.002181121371525707
2016-09-28,0.0027075786458414797
2016-09-29,-0.0013191931899683151
2016-09-30,0.0005239230306508524
2016-10-03,-0.0015403158539486483
2016-10-04,-0.0035361109634534094
2016-10-05,-8.820159176892162e-05
2016-10-06,-0.000949522025738947
2016-10-07,0.0014892350902526719
2016-10-10,-8.477599010225934e-05
2016-10-11,-0.002818288547118186
2016-10-12,-0.00019877056858186304
2016-10-13,0.0002728317237570277
2016-10-14,-0.0009324770008001249
2016-10-17,0.000653135979036934
2016-10-18,0.0029156011376301194
2016-10-19,0.0015027027471590237
2016-10-20,-0.0007084377853410206
2016-10-21,0.0008117804110270299
2016-10-24,-0.0003610502361536261
2016-10-25,-0.0005238640112368298
2016-10-26,-0.002924729263780401
2016-10-27,-0.0033536813712615743
2016-10-28,-0.0018849954963072735
2016-10-31,-0.0008225194479297704
2016-11-01,-0.0016131639217262794
2016-11-02,-0.0002527727874329644
2016-11-03,-0.00056217869051578
2016-11-04,0.0018326822908967255
2016-11-07,0.003476810397576635
2016-11-08,-0.0026639509447649035
2016-11-09,-0.010836461036498157
2016-11-10,-0.008189638133931476
2016-11-11,-0.004886651500994876
2016-11-14,-0.0008110538990374616
2016-11-15,0.005375950507814808
2016-11-16,-0.0011330512489778899
2016-11-17,-0.003245934543439466
2016-11-18,-0.0025664231494618717
2016-11-21,0.004146868078005461
2016-11-22,0.003265094873622809
2016-11-23,-0.003332245832307179
2016-11-25,3.7156386480052817e-05
2016-11-28,0.002408234833182199
2016-11-29,-6.544207497216625e-05
2016-11-30,-0.003389208896518059
2016-12-01,-0.0036694034376842932
2016-12-02,0.004759969854883028
2016-12-05,0.0010699530206941255
2016-12-06,0.0019343417251571626
2016-12-07,0.004266381665752661
2016-12-08,-0.0021076094520193767
2016-12-09,-0.0024541967442017754
2016-12-12,-0.00029015098902440695
2016-12-13,0.0015907934813235158
2016-12-14,-0.00808088884196545
2016-12-15,-0.0012752844327510449
2016-12-16,0.0010026984599753597
2016-12-19,0.0036175125330639712
2016-12-20,-0.00047881645568736975
2016-12-21,0.0012332370899985623
2016-12-22,0.0002822408800509102
2016-12-23,0.0013016359704822733
2016-12-27,-0.0007002167942079529
2016-12-28,0.001207919464598639
2016-12-29,0.0022893297570130144
2016-12-30,0.001682356721192546
2017-01-03,0.0012391385637984254
2017-01-04,0.0029200561831126404
2017-01-05,0.0035049715851187546
2017-01-06,-0.002627749937402335
2017-01-09,0.001699892213723242
2017-01-10,-0.0003301839536579143
2017-01-11,0.0012741960637352445
2017-01-12,0.0005376367909570856
2017-01-13,-0.0010955638337037943
2017-01-17,0.002472625976832621
2017-01-18,-0.004057784380529839
2017-01-19,-0.003606573775707056
2017-01-20,0.0013701406654926807
2017-01-23,0.0030011578620479096
2017-01-24,-0.0016017908218155519
2017-01-25,-0.001456535190931918
2017-01-26,0.0006830449518113735
2017-01-27,0.0007543191677734651
2017-01-30,-0.0013524013246881683
2017-01-31,0.0018835068411235945
2017-02-01,0.00021641208622447117
2017-02-02,0.0004461803036606149
2017-02-03,0.0014502491529244654
2017-02-06,0.0024178055516730357
2017-02-07,0.0005420142755563351
2017-02-08,0.0028404015573679775
2017-02-09,-0.002685942835287558
2017-02-10,0.0002904073608103186
2017-02-13,-0.0003299402921832506
2017-02-14,-0.0016821707284686571
2017-02-15,-0.0006672261043734196
2017-02-16,0.0019874563557815694
2017-02-17,0.0019923629310532043
2017-02-21,0.0011144748622726741
2017-02-22,0.0009484869484464031
2017-02-23,0.00198085110491375
2017-02-24,0.0030921669442665056
2017-02-27,-0.0017105603509571798
2017-02-28,-0.000663520335108081
2017-03-01,-0.0020390740205535884
2017-03-02,-0.003482044851765953
2017-03-03,0.000857674430064348
2017-03-06,-0.0013471094971917452
2017-03-07,-0.0031854018988981547
2017-03-08,-0.004680927360953935
2017-03-09,-0.002614594633891132
2017-03-10,0.0012337672953091072
2017-03-13,-0.0012478803295247198
2017-03-14,-0.000628447190969994
2017-03-15,0.010343185948887834
2017-03-16,-0.0026995884484306565
2017-03-17,0.0017022853003303418
2017-03-20,0.0007422536714134509
2017-03-21,-0.0012089710054059566
2017-03-22,0.0020326414427955797
2017-03-23,-0.0006062985593959791
2017-03-24,0.0014296492931664684
2017-03-27,0.0011022663473214678
2017-03-28,0.0002162757560355555
2017-03-29,0.0026165451697484077
2017-03-30,2.5705446074830718e-05
2017-03-31,0.00100334325635143
2017-04-03,0.0026394484271718976
2017-04-04,-0.0005390124877272529
2017-04-05,0.0007341614691651621
2017-04-06,0.00022722371994543522
2017-04-07,-0.0020087657056671038
2017-04-10,0.0017081801392826446
2017-04-11,0.0022360900703530806
2017-04-12,0.0017905514772873499
2017-04-13,0.000846299965868047
2017-04-17,0.0003972514067309696
2017-04-18,0.003176322096231754
2017-04-19,-0.002329042107450552
2017-04-20,9.04957529350714e-05
2017-04-21,-0.00035234408943229933
2017-04-24,0.0008167093085309496
2017-04-25,-0.0021256681712030767
2017-04-26,0.0012128307623060497
2017-04-27,0.0005629308950891865
2017-04-28,0.0003050175446237535
2017-05-01,-0.0009472660665357235
2017-05-02,0.001174993819129666
2017-05-03,-0.0011553685423406623
2017-05-04,-0.0033763766320926702
2017-05-05,0.0011689097107214774
2017-05-08,-0.0012460762655419622
2017-05-09,-0.0010519722282154031
2017-05-10,0.0015169987512619887
2017-05-11,0.00042372258792822137
2017-05-12,0.0028821765889461837
2017-05-15,0.0007735069004428663
2017-05-16,0.0012164608562512669
2017-05-17,0.0024204988675371464
2017-05-18,0.00039008592122802277
2017-05-19,0.0011874304059380503
2017-05-22,0.0007170041061697052
2017-05-23,-0.0015419262978061399
2017-05-24,0.0018883313420863246
2017-05-25,-2.2885999090282994e-06
2017-05-26,0.0006975001216817933
2017-05-30,0.001618656471368718
2017-05-31,2.719159781028324e-05
2017-06-01,0.0010073974250455198
2017-06-02,0.003002495181879672
2017-06-05,-0.0014475865917549235
2017-06-06,0.0013524289269577494
2017-06-07,-0.001858141637574251
2017-06-08,-0.0006778078134792587
2017-06-09,-0.0003350306424210192
2017-06-12,0.00023031795046168924
2017-06-13,0.0011875751585681549
2017-06-14,0.002830618946176644
2017-06-15,-0.002305123268158127
2017-06-16,-8.908763003534492e-05
2017-06-19,-0.0003088754431225249
2017-06-20,-0.00016766002960011406
2017-06-21,-0.0019968722271559436
2017-06-22,0.0013894972395596117
2017-06-23,0.00156371187049964
2017-06-26,0.001002901367470388
2017-06-27,-0.004339791776679203
2017-06-28,0.0014006420571575084
2017-06-29,-0.00357283040959655
2017-06-30,-0.00023838187799485322
2017-07-03,-0.002071503841546085
2017-07-05,7.229681695797296e-05
2017-07-06,-0.00251810542700992
2017-07-07,-0.0010060696103864064
2017-07-10,0.0013005939986781012
2017-07-11,0.0007494295431764719
2017-07-12,0.004156375836007253
2017-07-13,-0.0002949951029114217
2017-07-14,0.0022461591278104542
2017-07-17,0.000776330765891009
2017-07-18,0.002486719862594633
2017-07-19,0.0010588488132241558
2017-07-20,0.0003449621879278997
2017-07-21,0.0005143520002373059
2017-07-24,-0.0001368964621971669
2017-07-25,-0.0029024747813666263
2017-07-26,0.002573114698134482
2017-07-27,-0.0011593745778861742
2017-07-28,0.0010891809631108362
2017-07-31,0.0002499648958818046
2017-08-01,0.001746381211715109
2017-08-02,-0.00045477885166367304
2017-08-03,0.0012655227145332848
2017-08-04,-0.0014271438076852716
2017-08-07,0.0003722542584025934
2017-08-08,-0.001958109556208232
2017-08-09,-0.0002952390107335834
2017-08-10,-0.0008615014502688645
2017-08-11,0.001364038837690984
2017-08-14,0.0005644303433463005
2017-08-15,-0.0018497034386294464
2017-08-16,0.0012463909831845754
2017-08-17,-0.0004784723660447021
2017-08-18,0.0007976492665802137
2017-08-21,0.0005204674469148074
2017-08-22,0.0007579748612234205
2017-08-23,0.002091613459315189
2017-08-24,-0.0006903861893793328
2017-08-25,0.0016883009477850486
2017-08-28,0.0006293193578996714
2017-08-29,0.0011303437190046672
2017-08-30,0.0004688775071517437
2017-08-31,0.002719858204870418
2017-09-01,-0.0013718397701873997
2017-09-05,0.0031322457802480663
2017-09-06,-0.0012678081187155188
2017-09-07,0.0026757840843378844
2017-09-08,-0.0016930939807385803
2017-09-11,-0.0018154278526136824
2017-09-12,-0.0008201953596239653
2017-09-13,-0.0010238062904586176
2017-09-14,0.0005153542910343312
2017-09-15,0.0011945967389026535
2017-09-18,-0.0023962387412451713
2017-09-19,-0.0003451520017466736
2017-09-20,-0.0010387356074592624
2017-09-21,-0.001429514882188121
2017-09-22,0.0014884628278046819
2017-09-25,0.002187251465860296
2017-09-26,-0.0002657241409548261
2017-09-27,-0.002779870551956387
2017-09-28,-3.0207776492208183e-05
2017-09-29,-0.000157720585143184
2017-10-02,-0.0007145663789733803
2017-10-03,0.0015671134677786025
2017-10-04,-0.00038734445947541385
2017-10-05,0.0003377657956020741
2017-10-06,-0.00156406983777857
2017-10-09,0.0006242524143578176
2017-10-10,0.0008664300547620574
2017-10-11,0.0005166296878509335
2017-10-12,0.00010906560100520934
2017-10-13,0.002464615210924004
2017-10-16,-0.0007271095034480091
2017-10-17,0.00023215014801247769
2017-10-18,-0.0011799373685033032
2017-10-19,0.0005947259088907586
2017-10-20,-0.0018113041562906051
2017-10-23,-3.443601108998884e-05
2017-10-24,-0.0015254606692169936
2017-10-25,-0.002143849703661993
2017-10-26,-0.0010140965416065573
2017-10-27,0.0034325544586955026
2017-10-30,0.0019064333700011815
2017-10-31,-0.00017133295327642628
2017-11-01,0.00014373684682356114
2017-11-02,0.0007550248088097344
2017-11-03,0.0013147729752023274
2017-11-06,0.0011723289423468675
2017-11-07,-0.0008266140798828259
2017-11-08,-0.0020236829592602534
2017-11-09,-0.0019597517433044276
2017-11-10,-0.002480582278371446
2017-11-13,-0.0004851418313694955
2017-11-14,-0.0008107556578962338
2017-11-15,0.0018312085213665341
2017-11-16,0.0019973494302580885
2017-11-17,0.000660846567335005
2017-11-20,-0.0008915403148166412
2017-11-21,0.0013126968475536405
2017-11-22,0.0024636078098561054
2017-11-24,-0.00010595290000703361
2017-11-27,-0.0006182989754720536
2017-11-28,0.0017117502510830551
2017-11-29,-0.0024594669161324134
2017-11-30,-0.001302335256394227
2017-12-01,0.0021425295272845535
2017-12-04,-0.0006888165532348278
2017-12-05,1.5933108914678584e-05
2017-12-06,0.0007041338527118413
2017-12-07,-0.0006740224475707546
2017-12-08,0.0002897656944924609
2017-12-11,-9.884429309292564e-05
2017-12-12,-0.000698997556225267
2017-12-13,0.0025957477161642206
2017-12-14,-0.0011151211058325616
2017-12-15,0.0005109238033882413
2017-12-18,-0.0005283639626457726
2017-12-19,-0.0035496548987369314
2017-12-20,-0.0014773633327928026
2017-12-21,0.0009122328504542754
2017-12-22,0.0005617433960705132
2017-12-26,0.0008595851088983864
2017-12-27,0.002808430941703799
2017-12-28,-0.0006580983645836369
2017-12-29,0.001209555418371755
2018-01-02,-0.0011518166565607224
2018-01-03,0.002641252560372953
2018-01-04,0.0005150082193197125
2018-01-05,-0.00015948355163741823
2018-01-08,-0.00043022844459517096
2018-01-09,-0.0036024454015536334
2018-01-10,-0.0009092989138368424
2018-01-11,0.00199733571075722
2018-01-12,-0.0004290100978104894
2018-01-16,-0.0002524636874001729
2018-01-17,-0.0006177371178027746
2018-01-18,-0.0023554737079509724
2018-01-19,-0.0008815028102905353
2018-01-22,0.0006405682531422929
2018-01-23,0.0029331168224464577
2018-01-24,-0.0015175147436591319
2018-01-25,0.001031323950061891
2018-01-26,-0.0006454602449623703
2018-01-29,-0.003124185117329481
2018-01-30,-0.0032942812960184975
2018-01-31,0.0007484335897367522
2018-02-01,-0.003636937110125027
2018-02-02,-0.005811876976890784
2018-02-05,0.0005949711086170595
2018-02-06,0.00027342809737862517
2018-02-07,-0.00342520494701537
2018-02-08,-0.004543688409885616
2018-02-09,-0.0013620853751504791
2018-02-12,0.0028989432091153233
2018-02-13,0.00017165633917914924
2018-02-14,-0.002129384617432395
2018-02-15,0.00352712540744049
2018-02-16,0.0027862214211040737
2018-02-20,-0.0020985507567007344
2018-02-21,-0.0035295010360784085
2018-02-22,0.001258910416446879
2018-02-23,0.005471717636446272
2018-02-26,0.0020167870580543035
2018-02-27,-0.0036410796698487236
2018-02-28,0.00017203004750077078
2018-03-01,-8.125594747354636e-05
2018-03-02,-0.00015958094435131187
2018-03-05,-0.0001277670917736451
2018-03-06,0.0006412947449885298
2018-03-07,-0.0008732953077774663
2018-03-08,0.0017426426861213429
2018-03-09,0.0008569571678882504
2018-03-12,0.000862819034989748
2018-03-13,-0.00034489694089090417
2018-03-14,0.0005681687146108505
2018-03-15,-0.00011983767549783586
2018-03-16,9.204377670157804e-05
2018-03-19,-0.0026654133433813287
2018-03-20,-0.0004100200949000987
2018-03-21,0.0007653980017621187
2018-03-22,-0.0007389778214901277
2018-03-23,-0.0009206801082429772
2018-03-26,0.0016687229284775285
2018-03-27,0.002254636822471623
2018-03-28,-0.0004541901678111193
2018-03-29,0.0030805102092996695
2018-04-02,-0.0020478878969035774
2018-04-03,-0.00033159518106096186
2018-04-04,0.0008382382451488368
2018-04-05,-0.0007868348169958184
2018-04-06,0.0006811245702478264
2018-04-09,0.0017287715646030488
2018-04-10,0.001266160734179289
2018-04-11,0.0006566139248853631
2018-04-12,-0.0007950190210158636
2018-04-13,0.0005376532110894505
2018-04-16,0.0005568920945080436
2018-04-17,0.0011291655227891884
2018-04-18,-0.00227914355683001
2018-04-19,-0.00306237015278199
2018-04-20,-0.0032918544499722646
2018-04-23,-0.0014549945732571512
2018-04-24,-0.0021240865962961486
2018-04-25,-0.001180824511699985
2018-04-26,0.003461601583547802
2018-04-27,0.0009113705846479636
2018-04-30,0.00010120209433539529
2018-05-01,-0.0007420687675725457
2018-05-02,-0.00016771451811592453
2018-05-03,0.0015410741098429437
2018-05-04,0.001085345223113876
2018-05-07,0.00021919837059147795
2018-05-08,-0.0013610150831117052
2018-05-09,-0.0002868231428653223
2018-05-10,0.002719198882447982
2018-05-11,-3.34851073852116e-05
2018-05-14,-0.0011672528275492589
2018-05-15,-0.005153649059850718
2018-05-16,-0.00045990695609177124
2018-05-17,-0.0001262931347495444
2018-05-18,0.002038007114616436
2018-05-21,0.0014202907289906364
2018-05-22,-0.00023679839487289467
2018-05-23,0.003333953201584805
2018-05-24,0.0015563062507828462
2018-05-25,0.0015162530595647095
2018-05-29,0.004829714897653048
2018-05-30,-0.0007514576315817978
2018-05-31,-0.0010059623203109158
2018-06-01,-0.0013023788914378054
2018-06-04,-0.0015875719035772784
2018-06-05,0.002074836972893346
2018-06-06,-0.001262318471720203
2018-06-07,0.0027743984526980014
2018-06-08,-0.0008867487017568676
2018-06-11,1.1571834234835876e-05
2018-06-12,-3.741658226252831e-05
2018-06-13,-0.0007166919110221937
2018-06-14,0.002742258310807655
2018-06-15,-0.0002931761444981973
2018-06-18,0.00041347441307726385
2018-06-19,0.000827280627346827
2018-06-20,-0.001574314476867511
2018-06-21,0.00048667618569919746
2018-06-22,0.0006448342991094425
2018-06-25,-0.0008535733631663822
2018-06-26,0.0006381436705737986
2018-06-27,0.001357612960134702
2018-06-28,-0.0011883781930822623
2018-06-29,-0.0008743214861425264
2018-07-02,-0.00042643426904542814
2018-07-03,0.0014959998007582076
2018-07-05,0.0017239018704382492
2018-07-06,0.0018384571102547653
2018-07-09,-0.0006095977539721797
2018-07-10,-0.0003740887891805489
2018-07-11,-0.00022037684515985312
2018-07-12,0.0012312358054953343
2018-07-13,0.0010963769722844852
2018-07-16,-0.0017179487582276165
2018-07-17,-3.43186675360041e-05
2018-07-18,-7.579547200953218e-05
2018-07-19,0.0014413465008336068
2018-07-20,-0.0020197774480482655
2018-07-23,-0.003031752574285229
2018-07-24,0.001320784692413035
2018-07-25,0.0007926739145101003
2018-07-26,-0.000718420286080268
2018-07-27,0.0003774898661237369
2018-07-30,-0.0008633440799004077
2018-07-31,0.0016716075732920999
2018-08-01,-0.001546909295355392
2018-08-02,0.0012962751860972066
2018-08-03,0.0020934211396306246
2018-08-06,0.0010875625711359582
2018-08-07,-0.0008892518426178997
2018-08-08,0.00016468282008363921
2018-08-09,0.0014269885793021242
2018-08-10,0.001910538736525469
2018-08-13,-0.0006754930207024668
2018-08-14,0.00025701274997258494
2018-08-15,0.0002874109971731098
2018-08-16,0.0007179448779943698
2018-08-17,0.0008392857083006078
2018-08-20,0.00226440327548727
2018-08-21,-0.0002214626657754959
2018-08-22,0.0014974771205495951
2018-08-23,-0.00020122908181030574
2018-08-24,0.001119514418318479
2018-08-27,-0.0009090551810102543
2018-08-28,-0.0016015574803471821
2018-08-29,7.455629746377923e-05
2018-08-30,0.0007222345630979454
2018-08-31,0.0005455801668454718
2018-09-04,-0.0022603680085394595
2018-09-05,-0.0005896894939592112
2018-09-06,0.0012572576171343552
2018-09-07,-0.0032493029114214478
2018-09-10,0.001100068711379798
2018-09-11,-0.0018992613359893884
2018-09-12,0.0015364743550974058
2018-09-13,0.0006256991644542076
2018-09-14,-0.0010054448973964014
2018-09-17,-0.0004329999809430385
2018-09-18,-0.00219252492455424
2018-09-19,-0.001447511763171705
2018-09-20,0.0009624313058802514
2018-09-21,0.00028629086292442096
2018-09-24,-0.0007838779176937427
2018-09-25,-0.0008719756634716358
2018-09-26,0.0020978447554862445
2018-09-27,0.0007682429301689719
2018-09-28,0.0006995972764451963
2018-10-01,-0.00041483319812263275
2018-10-02,0.0013588820847343364
2018-10-03,-0.0052768112787356936
2018-10-04,-0.0034008844722756004
2018-10-05,-0.0031949714930871176
2018-10-08,-0.0004410555778684433
2018-10-09,0.0016631160820215207
2018-10-10,-0.0038789568034701682
2018-10-11,0.001397694921274173
2018-10-12,0.0015547708585113007
2018-10-15,-4.0753348419686475e-05
2018-10-16,0.0022541708834025176
2018-10-17,-0.002578216876647166
2018-10-18,-0.0010892324374294216
2018-10-19,-0.0006102752524498323
2018-10-22,4.145093768559427e-05
2018-10-23,0.0007515413405745353
2018-10-24,0.00019833726375861893
2018-10-25,9.088191050121708e-05
2018-10-26,0.0007838597649483248
2018-10-29,-0.0007874521106963073
2018-10-30,2.4713974231094227e-05
2018-10-31,-0.0012669264614626474
2018-11-01,0.002427108343802775
2018-11-02,-0.004031637737491156
2018-11-05,0.0008734287562408571
2018-11-06,0.00033005793148888074
2018-11-07,0.0028122357467887937
2018-11-08,-0.0018147725348819366
2018-11-09,5.19736803992199e-05
2018-11-12,-0.000965379245596365
2018-11-13,-0.0005016274525561082
2018-11-14,0.0005424142635057638
2018-11-15,0.0009410137018892595
2018-11-16,0.001347767735442984
2018-11-19,-0.0008900168342971249
2018-11-20,-0.0024805893178849736
2018-11-21,0.001695253766810234
2018-11-23,-0.0019471907798543908
2018-11-26,0.0017352103344254743
2018-11-27,0.0005450448970805155
2018-11-28,0.0035169917958508545
2018-11-29,0.0016883920571908462
2018-11-30,0.0009469222236031527
2018-12-03,0.004454708438648813
2018-12-04,-0.0004968984312798685
2018-12-06,0.000375650090611801
2018-12-07,0.00045680588875285366
2018-12-10,0.00036096616243730395
2018-12-11,-0.0009874626895098881
2018-12-12,-0.0005981587521919352
2018-12-13,0.0012222446236442863
2018-12-14,-0.0013290660278781896
2018-12-17,-0.0011282350265855445
2018-12-18,0.0006442621183617714
2018-12-19,-0.0009953365650759993
2018-12-20,-0.004212133447444533
2018-12-21,-0.0019117778686051912
2018-12-24,-0.0017610158048625424
2018-12-26,0.004128736998566973
2018-12-27,0.001605299065824406
2018-12-28,0.003786590612541163
2018-12-31,0.0030739028124948664
2019-01-02,0.0009757673890751217
2019-01-03,0.004666939029337014
2019-01-04,0.0015881253317875377
2019-01-07,0.001958137409062033
2019-01-08,0.001103181439937373
2019-01-09,0.0011691833950437935
2019-01-10,0.001138555215961734
2019-01-11,0.0007066206798853614
2019-01-14,-0.0017717109618967664
2019-01-15,0.000925336794947107
2019-01-16,0.0003619086553556805
2019-01-17,4.903553066637478e-05
2019-01-18,-0.0005139331856144347
2019-01-22,-0.0006506849480152344
2019-01-23,0.0003866035480741825
2019-01-24,0.0024369409087128258
2019-01-25,-0.00021279364190895933
2019-01-28,-0.000704063543877087
2019-01-29,0.001640677375030597
2019-01-30,0.004625987473262594
2019-01-31,0.003865761844632498
2019-02-01,-0.0033484011934993285
2019-02-04,-0.0002835140671240133
2019-02-05,0.0022895579164932123
2019-02-06,0.00013712422644052147
2019-02-07,0.0004540733445186351
2019-02-08,0.0008116951785963611
2019-02-11,-0.0007582237317443896
2019-02-12,0.0012746138749668567
2019-02-13,-0.0018294243980790936
2019-02-14,0.002975596023026661
2019-02-15,0.001149881706963729
2019-02-19,0.0012932291588341194
2019-02-20,0.0003025156747040736
2019-02-21,-0.002229624163656463
2019-02-22,0.00278397902044647
2019-02-25,-0.000852552102948434
2019-02-26,0.002218350232739086
2019-02-27,-0.0019925855669551407
2019-02-28,-0.0019139217490916627
2019-03-01,-0.001000232403658874
2019-03-04,0.001241664868580239
2019-03-05,0.00019950055979545134
2019-03-06,0.0007299199555990121
2019-03-07,0.0015478538048243617
2019-03-08,0.00026320646652266966
2019-03-11,0.0010847531981350578
2019-03-12,0.0024649046459812585
2019-03-13,0.00094245654001468
2019-03-14,-0.0012409803349839876
2019-03-15,0.0023456038329430218
2019-03-18,-0.0007319552541981134
2019-03-19,-0.00021387794274951855
2019-03-20,0.005737047995609812
2019-03-21,-0.00015198639223912291
2019-03-22,0.002441385848255928
2019-03-25,0.0015321226205486926
2019-03-26,0.0005721804552916154
2019-03-27,0.0018192462591994918
2019-03-28,0.0008359637242831841
2019-03-29,3.872369045954116e-05
2019-04-01,-0.0038157779886242027
2019-04-02,0.001164581132304443
2019-04-03,-0.0015993530235470788
2019-04-04,0.0012944250760460463
2019-04-05,0.0012184849044591939
2019-04-08,-0.0011537323777682795
2019-04-09,0.0005109141652848148
2019-04-10,0.0034390039561831287
2019-04-11,-0.0008908425458781233
2019-04-12,-0.0020630638329078854
2019-04-15,0.0004365452949834925
2019-04-16,-0.002234496735566305
2019-04-17,-0.0010351684730809385
2019-04-18,0.0015644701905621616
2019-04-22,-0.0014725753635985717
2019-04-23,0.002715933050276398
2019-04-24,0.0017534240356644748
2019-04-25,-0.000767542948790223
2019-04-26,0.002575966278170805
2019-04-29,-0.0012860551971077827
2019-04-30,0.0011622828580724054
2019-05-01,-0.0017375692795935649
2019-05-02,-0.0015064314735473427
2019-05-03,0.0021318820809033134
2019-05-06,0.0017371087785666983
2019-05-07,-0.0008406417871470451
2019-05-08,-0.0010645535497715297
2019-05-09,0.0008540235303260424
2019-05-10,0.0007367079122093667
2019-05-13,-0.0011800899096848783
2019-05-14,0.000707944289973339
2019-05-15,0.0024494951417841637
2019-05-16,0.00016961708449625412
2019-05-17,-0.00026374535668294286
2019-05-20,-0.001425845684692173
2019-05-21,0.0007686388935590482
2019-05-22,0.0017102438370735218
2019-05-23,0.0010611002786293788
2019-05-24,-0.0003136546230434467
2019-05-28,0.0022247830909627453
2019-05-29,-0.0014279952799146622
2019-05-30,0.0027510175724361208
2019-05-31,0.0006823315274602226
2019-06-03,0.003442785076442245
2019-06-04,0.0021850344916911624
2019-06-05,0.0005376765726141652
2019-06-06,0.0009398930856885368
2019-06-07,0.0034963325987145133
2019-06-10,-0.002262113760706397
2019-06-11,0.0005795030189463812
2019-06-12,0.0004150920221990262
2019-06-13,0.0027542420083532804
2019-06-14,6.324220299402938e-05
2019-06-17,-0.0006155718496538842
2019-06-18,0.004187027739584348
2019-06-19,0.0034174877544188575
2019-06-20,0.003320034099405955
2019-06-21,-0.0037207239209634535
2019-06-24,0.0018242253091567129
2019-06-25,-0.0007684371286419411
2019-06-26,-0.002526103179469774
2019-06-27,0.003166232338948083
2019-06-28,0.0004523676709886626
2019-07-01,-0.0005510062680856853
2019-07-02,0.002554438805667081
2019-07-03,0.002850169587191864
2019-07-05,-0.005165164897625418
2019-07-08,-0.001512495104657452
2019-07-09,-0.0007452324670850219
2019-07-10,0.0017779853052610761
2019-07-11,-0.0036710363224150555
2019-07-12,0.0014274008407442196
2019-07-15,0.0012329565960349509
2019-07-16,-0.0022607203682585286
2019-07-17,0.0019476570628791379
2019-07-18,0.001554767215954378
2019-07-19,-0.001727708729019617
2019-07-22,0.001502117882604015
2019-07-23,-6.755388212709157e-05
2019-07-24,0.001337288999080366
2019-07-25,-0.0017908463817911668
2019-07-26,0.0009509425984775
2019-07-29,-9.339636645566696e-05
2019-07-30,0.0006901704803765618
2019-07-31,0.0005641762278132401
2019-08-01,0.005614549904462196
2019-08-02,0.00047866650133920885
2019-08-05,0.0003260928362136539
2019-08-06,0.0034741978004069196
2019-08-07,-0.00025810958909400217
2019-08-08,0.0019554295090793428
2019-08-09,-0.001431302276714841
2019-08-12,0.002010842299490223
2019-08-13,0.00019371890781694212
2019-08-14,-0.0002465423788646781
2019-08-15,0.00466595053509633
2019-08-16,1.8484056912626556e-05
2019-08-19,-0.0014321401952636093
2019-08-20,0.002843876775541432
2019-08-21,0.0002940327795766251
2019-08-22,-0.0006601359730564749
2019-08-23,0.001584911869043859
2019-08-26,0.0014994251452669083
2019-08-27,0.002259517203999195
2019-08-28,0.0014239008339000936
2019-08-29,-0.0004635529707687214
2019-08-30,-0.0004896413726451776
2019-09-03,-0.00021515811561823028
2019-09-04,0.002362804135943586
2019-09-05,-0.0027763436467391767
2019-09-06,0.000725269431339326
2019-09-09,-0.00266920584196384
2019-09-10,-0.0036484586753179338
2019-09-11,-0.0005118391063995142
2019-09-12,-0.0010988583233737526
2019-09-13,-0.005808437154087187
2019-09-16,0.004954254112139678
2019-09-17,0.001182405861072322
2019-09-18,-0.00026630769140534305
2019-09-19,-0.00015341621300024588
2019-09-20,0.003706403151293447
2019-09-23,0.0006603992805773728
2019-09-24,0.0017535239677697323
2019-09-25,-0.004088479895849595
2019-09-26,0.0007770456030806727
2019-09-27,0.00013683269426434386
2019-09-30,0.0006970867750315524
2019-10-01,0.00018044438691444675
2019-10-02,-0.0008293354971576905
2019-10-03,0.0031630120177117416
2019-10-04,0.002680591952831879
2019-10-07,-0.0022371161378929028
2019-10-08,-0.0006679199820166515
2019-10-09,-4.304381500797039e-05
2019-10-10,-0.0027405800942902347
2019-10-11,-0.001510871401200542
2019-10-14,0.0016484422056555204
2019-10-15,-0.001565386452543116
2019-10-16,0.0007879100139160933
2019-10-17,0.0006750042703826953
2019-10-18,0.0004797921222121637
2019-10-21,-0.0017045002316634639
2019-10-22,0.0014128672723721092
2019-10-23,0.0008356613006770264
2019-10-24,0.0004501251984021515
2019-10-25,-0.0006248052868600418
2019-10-28,-0.00200416565953887
2019-10-29,-0.00024714770191180957
2019-10-30,0.0019325751382017753
2019-10-31,0.0018198246341567526
2019-11-01,0.0014520306433087882
2019-11-04,-0.0016368021108367214
2019-11-05,-0.003254981994833428
2019-11-06,0.0007397167759441992
2019-11-07,-0.004447610307029448
2019-11-08,-0.0002321804169798103
2019-11-11,0.00017925997650825032
2019-11-12,0.0003589752078765329
2019-11-13,0.0009607778737943384
2019-11-14,0.0023988833519774655
2019-11-15,0.0010375326101508264
2019-11-18,0.0001400057630411844
2019-11-19,-0.0005954355692847635
2019-11-20,0.001256434618077007
2019-11-21,-0.0011844075624195538
2019-11-22,0.0015687760535041395
2019-11-25,0.001785621677768523
2019-11-26,0.0016172513249950171
2019-11-27,-0.0008076937415754104
2019-11-29,-0.0018555563385347362
2019-12-02,-0.0021436642971286446
2019-12-03,0.003776387476982501
2019-12-04,-0.00029306732041689543
2019-12-05,-0.0004101859900390581
2019-12-06,-0.0007753597792369282
2019-12-09,0.00038902184321609745
2019-12-10,0.0006514190833286637
2019-12-11,0.0030306084258606703
2019-12-12,-0.0027077164618745098
2019-12-13,0.003474236393283592
2019-12-16,-0.001287752563964184
2019-12-17,0.0016128763136031843
2019-12-18,-0.0004318879322671165
2019-12-19,0.00017318083921513683
2019-12-20,-0.0007466542976932722
2019-12-23,-0.0002179824318427892
2019-12-24,0.0012940557158718224
2019-12-26,0.0015322186035753305
2019-12-27,0.0005088250809461847
2019-12-30,-0.0006719267950259233
2019-12-31,-0.0014018497859898948
2020-01-02,0.0043922341747320015
2020-01-03,0.00287305657511272
2020-01-06,-0.0010242393473042233
2020-01-07,-0.0011676831960543144
2020-01-08,-0.0008192379253235682
2020-01-09,0.0016237541898174168
2020-01-10,0.0012350985982811924
2020-01-13,-0.0006327456075341242
2020-01-14,0.0009540365298121856
2020-01-15,0.0013168670316896502
2020-01-16,-0.0008570488442960489
2020-01-17,-0.000768654060840146
2020-01-21,0.000835470714743769
2020-01-22,0.0008890791835436396
2020-01-23,-0.0003424773674670645
2020-01-24,-0.00042417859189103346
2020-01-27,-9.524147544803796e-05
2020-01-28,0.0025769507451858242
2020-01-29,0.002072906358066229
2020-01-30,0.000927347639610332
2020-01-31,0.00043301550311047876
2020-02-03,-0.0006690693825132099
2020-02-04,7.100441917229361e-05
2020-02-05,3.331107043402781e-05
2020-02-06,0.0007840081596850457
2020-02-07,0.0015726890022449425
2020-02-10,0.0015582145734014397
2020-02-11,-0.0008051124592632908
2020-02-12,0.00015828368969272866
2020-02-13,0.0006100598312113181
2020-02-14,0.0011575625494641972
2020-02-18,-0.00016176231975273403
2020-02-19,0.00022676466449267352
2020-02-20,0.002241481236775922
2020-02-21,0.001508906479804839
2020-02-24,-0.0016517115046509323
2020-02-25,-0.002211569228741328
2020-02-26,0.00015678777528815857
2020-02-27,-0.004306058971787263
2020-02-28,0.007505523700554129
2020-03-02,0.0035706047573578203
2020-03-03,0.0038318160085590858
2020-03-04,0.005467503802529361
2020-03-05,-0.0017267136347112189
2020-03-06,-0.0005665852353411438
2020-03-09,-0.016565485469900332
2020-03-10,-0.0023399842968419016
2020-03-11,-0.015602319024784816
2020-03-12,-0.018761912596893193
2020-03-13,0.010930052863921569
2020-03-16,-0.012261504171380944
2020-03-17,-0.009677598499739481
2020-03-18,-0.02776008723911738
2020-03-19,-0.007968445827663317
2020-03-20,0.004127499627276432
2020-03-23,-5.1816113753933024e-05
2020-03-24,0.013667985622108247
2020-03-25,0.012620806749843672
2020-03-26,0.021316284639225858
2020-03-27,0.005127948545289085
2020-03-30,0.005067817309879263
2020-03-31,-0.0027200451678764948
2020-04-01,-0.006592432856788566
