strategy_name,estimation_window_months,penalty_alpha,maximum_weight_cap,CAGR,annualized_volatility,maximum_drawdown,daily_CVaR,average_maximum_weight,average_HHI,effective_number_of_assets,average_active_assets,daily_observations,solved_holding_periods
Relaxed_SSD_9M_a0.01_w0.30,9,0.01,0.3,0.06899129559388162,0.12283382402586315,-0.19960341158500816,0.019496933663697508,0.2999998362117752,0.2799410808799206,3.5721802489894126,4.033333333333333,2511,120
Relaxed_SSD_9M_a0.05_w0.30,9,0.05,0.3,0.0716264344184987,0.12134188016028993,-0.19960370151173423,0.0192532636711552,0.29999980407878074,0.2788826603137601,3.585737452715557,4.058333333333334,2511,120
Relaxed_SSD_9M_a0.10_w0.30,9,0.1,0.3,0.07239425509601749,0.11919352497851188,-0.19960380950678125,0.018894233436096447,0.29999979515404746,0.278002408430512,3.5970911390501663,4.083333333333333,2511,120
Relaxed_SSD_9M_a0.01_w0.50,9,0.01,0.5,0.06343676504268703,0.1426776439300077,-0.2097674416626083,0.0222558158225013,0.4999993754730671,0.4997009647823879,2.001196856675041,2.033333333333333,2511,120
Relaxed_SSD_9M_a0.05_w0.50,9,0.05,0.5,0.061815556707631725,0.14173909561330036,-0.20946884412816802,0.02213197754356594,0.49999928302114754,0.4952352846801119,2.019242228763913,2.1083333333333334,2511,120
Relaxed_SSD_9M_a0.10_w0.50,9,0.1,0.5,0.07055018661667134,0.13873326884007067,-0.207032422233849,0.021660649702603552,0.4999990933302409,0.48715686656722873,2.0527268907170333,2.2333333333333334,2511,120
Relaxed_SSD_9M_a0.01_w1.00,9,0.01,1.0,0.011171662443411723,0.17462463566354514,-0.3447219905300255,0.027204837465538576,0.9899647370337935,0.9846961295280564,1.0155417189252876,1.0583333333333333,2511,120
Relaxed_SSD_9M_a0.05_w1.00,9,0.05,1.0,0.021021949895128955,0.17048538828787094,-0.3097164613683565,0.026330322692153435,0.9647897956857076,0.9491853891861746,1.0535349694514298,1.25,2511,120
Relaxed_SSD_9M_a0.10_w1.00,9,0.1,1.0,0.023266315655521064,0.16644330937992635,-0.29945223755114914,0.025656236029445254,0.9271618707186214,0.8967156992242419,1.1151806540970683,1.4083333333333334,2511,120
Relaxed_SSD_12M_a0.01_w0.30,12,0.01,0.3,0.04962337704697628,0.13046718724569725,-0.23959573564609304,0.020914810819427157,0.2999996470401503,0.27985012143799654,3.57334131163334,4.041666666666667,2511,120
Relaxed_SSD_12M_a0.05_w0.30,12,0.05,0.3,0.050656945527811414,0.12954990866300048,-0.23799297938477892,0.020780810598123648,0.29999970302027773,0.2788883224459827,3.5856646532544865,4.066666666666666,2511,120
Relaxed_SSD_12M_a0.10_w0.30,12,0.1,0.3,0.050017237460538766,0.12716333223950238,-0.23731617693746376,0.020496990342939895,0.2999997664677869,0.2773481756926061,3.6055762670973257,4.116666666666666,2511,120
Relaxed_SSD_12M_a0.01_w0.50,12,0.01,0.5,0.031012258882703314,0.15022521600196156,-0.2719788543891397,0.023517194314759828,0.49999920892420907,0.4966614755126084,2.013443863283118,2.05,2511,120
Relaxed_SSD_12M_a0.05_w0.50,12,0.05,0.5,0.030034369777862002,0.14821070867817976,-0.25917772947310236,0.02335428357142694,0.4986976012380098,0.48493712419227264,2.0621230054630963,2.191666666666667,2511,120
Relaxed_SSD_12M_a0.10_w0.50,12,0.1,0.5,0.030233024012207288,0.1466000843456832,-0.26669059736421463,0.023144528182621225,0.49921281548377827,0.48122914213359846,2.078012141090119,2.341666666666667,2511,120
Relaxed_SSD_12M_a0.01_w1.00,12,0.01,1.0,0.03959201143615321,0.18913392813025784,-0.3368258708649926,0.028974713281289758,0.9945494223059576,0.9923036835425637,1.007756009158366,1.0416666666666667,2511,120
Relaxed_SSD_12M_a0.05_w1.00,12,0.05,1.0,0.04617746133483891,0.18407118703204428,-0.3091474717544228,0.02845907684294813,0.9431852534328921,0.9239053703961524,1.0823619301738876,1.2833333333333334,2511,120
Relaxed_SSD_12M_a0.10_w1.00,12,0.1,1.0,0.05690255625213925,0.18035144703032335,-0.29750801306117447,0.027719237042000775,0.908903468217708,0.8752608432230569,1.1425165512004447,1.4916666666666667,2511,120
Relaxed_SSD_18M_a0.01_w0.30,18,0.01,0.3,0.08119563708432098,0.1316924300030923,-0.233377805446492,0.02051296794455219,0.2999997777643987,0.27963756688472236,3.5760574344155964,4.033333333333333,2511,120
Relaxed_SSD_18M_a0.05_w0.30,18,0.05,0.3,0.07971895435602883,0.12898593514494772,-0.23540587371856847,0.020012017694361756,0.29999978339637207,0.2795089684596151,3.5777027317264247,4.033333333333333,2511,120
Relaxed_SSD_18M_a0.10_w0.30,18,0.1,0.3,0.07837216812384007,0.12459106886275151,-0.22990905185700172,0.01933880030161913,0.29999972427495164,0.27706556273370925,3.6092540340753607,4.116666666666666,2511,120
Relaxed_SSD_18M_a0.01_w0.50,18,0.01,0.5,0.09372779568002731,0.1534784191723561,-0.2910648046175357,0.023617069927042055,0.49999906355077595,0.4955348086549623,2.0180217061124632,2.0833333333333335,2511,120
Relaxed_SSD_18M_a0.05_w0.50,18,0.05,0.5,0.0920792122819365,0.14661878460559297,-0.2910646760490899,0.0227667365611943,0.49936454957843013,0.4779270612859644,2.0923694869030585,2.325,2511,120
Relaxed_SSD_18M_a0.10_w0.50,18,0.1,0.5,0.08970241414553048,0.14124743199932455,-0.26753215880188974,0.02195895997392116,0.4974434443064974,0.46206379405218556,2.1642033261906253,2.5833333333333335,2511,120
Relaxed_SSD_18M_a0.01_w1.00,18,0.01,1.0,0.06236188156234679,0.19038395910511496,-0.3669387124028133,0.029370478852494972,0.9922452739837816,0.9883839479403405,1.01175257053078,1.0583333333333333,2511,120
Relaxed_SSD_18M_a0.05_w1.00,18,0.05,1.0,0.06428236122204178,0.18139484220832822,-0.34228541861906747,0.028156587417044462,0.9431620388332438,0.9160518836121895,1.091641224574295,1.4,2511,120
Relaxed_SSD_18M_a0.10_w1.00,18,0.1,1.0,0.06648778368271024,0.17183847539116764,-0.3360524496984325,0.02676505001607013,0.8854273338889838,0.8437545086858054,1.1851788520307354,1.7,2511,120
Relaxed_SSD_36M_a0.01_w0.30,36,0.01,0.3,0.08333561148311008,0.1419201199057332,-0.2067403359605322,0.02181256136422409,0.29999984487962367,0.27855718280164904,3.589927173811438,4.075,2511,120
Relaxed_SSD_36M_a0.05_w0.30,36,0.05,0.3,0.0809333185240233,0.13557864902023944,-0.20324180750178056,0.020785729350777722,0.2999998036132084,0.2758265080246102,3.62546735323487,4.316666666666666,2511,120
Relaxed_SSD_36M_a0.10_w0.30,36,0.1,0.3,0.08560014022171414,0.13216292171113617,-0.17701397037676891,0.02015508059839145,0.2999998250993469,0.27371659214509947,3.6534138912188836,4.475,2511,120
Relaxed_SSD_36M_a0.01_w0.50,36,0.01,0.5,0.1155952358417891,0.1527993313369319,-0.24754402865911318,0.023647619147649814,0.49999959455473447,0.490650874300607,2.0381090758789315,2.1333333333333333,2511,120
Relaxed_SSD_36M_a0.05_w0.50,36,0.05,0.5,0.11362156436478332,0.14701054921069462,-0.24754368691017548,0.022797596678816524,0.49999888101767426,0.45983483941832065,2.174693855874371,2.6333333333333333,2511,120
Relaxed_SSD_36M_a0.10_w0.50,36,0.1,0.5,0.11179171593992998,0.14150516964535004,-0.2081583515314107,0.02191203496039941,0.49902126906570793,0.43537921107333527,2.296848298141548,2.966666666666667,2511,120
Relaxed_SSD_36M_a0.01_w1.00,36,0.01,1.0,0.16296501072753022,0.18376813568458686,-0.2855934008002675,0.028514835275565795,0.9932764715731117,0.9912008277869272,1.0088772849723289,1.025,2511,120
Relaxed_SSD_36M_a0.05_w1.00,36,0.05,1.0,0.160592588247354,0.18084886758106902,-0.2855808539614906,0.028284804818918166,0.9479233524198055,0.9279126069791913,1.077687696533716,1.2583333333333333,2511,120
Relaxed_SSD_36M_a0.10_w1.00,36,0.1,1.0,0.16042679114401115,0.1667014417879378,-0.2348701942895598,0.026597433380899645,0.9077153114555254,0.8674099201999953,1.1528574630198303,1.575,2511,120
